Jayanagara, 22000
Basaveshwar Nagar, 20000
Jaya Nagar East Jayanagar, 38000
Murugeshpalya, 30000
Whitefield, 26500
HSR Layout, 30000
Harlur, 35500
Vijaya Nagar, 15000
Doddanekkundi, 11000
BTM 2nd Stage, 14000
EPIP Zone Whitefield, 26000
Doddakannelli, 12000
Whitefield Hope Farm Junction, 27500
Raja Rajeshwari Nagar, 15000
Bendre Nagar, 15500
Brookefield, 22500
Kumaraswamy Layout, 12000
Ejipura, 16000
Nallurhalli Whitefield, 28000
Koramangala, 12500
Banashankari, 8000
Rajajinagar, 15000
Basaveshwara Nagar, 23000
Mahadevapura, 12500
Kasavanahalli, 28000
Thigalarapalya Hoodi, 42000
Banashankari 3rd Stage, 17000
Lakkasandra Extension, 22000
HAL 3rd Stage, 9000
J P Nagar Phase 5 JP Nagar, 16000
DoddaNekkundi, 20000
Iblur Village Bellandur, 32000
Nagarbhavi, 17000
Salarpuria Greenage  Hosur Rd  Bommanahalli  Bengaluru  Karnataka 560068  India, 40000
Suddagunte Palya, 10000
Uttarahalli Hobli, 12800
Bellandur Amanikere, 35000
Eshwara Layout Indiranagar, 35000
Hanumantha Nagar, 16000
Stage 2  BTM Layout, 12500
Jaya Nagar, 30000
Pattandur Agrahara Whitefield, 25000
Mahadevapura  Bengaluru  Karnataka  India, 25000
Ashraya Layout, 14000
Kathreguppe, 23000
K.R Puram  Bengaluru, 27000
New Tippasandra, 20000
Sarvabhouma Nagar Padmanabhanagar, 16000
Rustam Bagh Layout, 32000
Munnekollal, 18500
Basavanagara, 23000
JP Nagar 2nd Phase, 12000
14  5th Cross Rd  Murugesh Pallya  Nanja Reddy Colony  Jeevan Bima Nagar  Bengaluru  Karnataka 560017  India Bengaluru, 20000
RR Nagar, 8750
Murgesh Pallya, 30000
Indiranagar, 8000
Mallathahalli, 11500
Cox Town, 33000
Abbaiah Reddy Layout  Kaggadasapura  Bengaluru  Karnataka 560093  India, 16000
Vimanapura  Bengaluru  Karnataka  India, 9500
Haralur, 15000
Bellandur, 22000
oBalagere  Bengaluru  Karnataka  India, 20000
Banashankari Stage II, 40000
Jeevan Bima Nagar, 9500
Kormangala, 8500
HSR Layout  Bengaluru  Karnataka  India, 23000
Thubarahalli  Whitefield, 23000
CV Raman Nagar, 25000
HSR Layout 5th Sector, 16000
Koramangala 7th Block, 16000
Tavarekere, 12500
ITPL, 21000
C V Raman Nagar, 20000
RR Layout Padmanabhanagar, 15000
Amarajyothi Nagar, 10500
Padmanabhanagar, 12000
Silver Springs Layout Munnekollal, 25500
Basavanagudi, 26000
Doddanekundi Doddanekkundi, 22000
Jogupalya, 45000
JP Nagar, 30000
Vijayanagar, 16000
J P Nagar Phase 5 , 12000
Adarsh Palm Retreat Bellandur, 45000
BTM Layout, 16000
JP Nagar 3rd Phase, 14500
Marathahalli, 25000
hsr layout, 14000
Shivaji Nagar, 30000
null null, 26000
Padmanabhanagar  Bengaluru  Karnataka  India, 15000
Gnana Bharathi, 14000
Sarjapur Road Post Railway Crossing, 25000
Jayanagar, 11000
Kadugodi, 17000
Varthur, 23000
Kaggadasapura, 12000
Koramangala 6th Block, 42000
thimma reddy layout, 18000
Nagapura, 10000
Chandra Layout Vijayanagar, 13500
Mudalapalya  Vijaya Nagar  Bengaluru  Karnataka  India, 13000
Basavanna Nagar Krishnarajapura, 30000
J P Nagar, 10500
Srinagar, 11000
Koramangala 1st Block, 13500
Hagadur  Immadihalli  Whitefield  Bengaluru  Karnataka  India, 18000
Bellandur Marathahalli, 40000
Vibhutipura, 12000
JP Nagar  Bengaluru  Karnataka  India, 13000
J P Nagar Phase 5, 8000
Chandra Layout, 20000
Seetharampalya Hoodi, 38000
J. P. Nagar, 18000
Nagavarapalya, 22000
Thubarahalli Munnekollal, 27000
Domlur, 22000
Eastwood Township Harlur, 37000
Mullur, 23000
Wilson Garden, 14500
Halanayakanahalli, 21000
Ramagondanahalli  Whitefield, 12500
Chamrajpet, 13000
Jayanagar 6th Block, 10000
Arehalli  Uttarahalli Hobli, 10000
Maithri Layout Kadugodi, 28000
Adugodi  Bengaluru  Karnataka  India, 11000
Kempapura Agrahara, 14000
Bhuvaneshwari Nagar, 8000
B Narayanapura Mahadevapura, 18000
Doddanekundi, 11000
Nagondanahalli, 9500
Hosakerehalli, 15000
AECS Layout Chinnapanna Halli, 20000
Chinnapanna Halli, 36000
Chinnapanahalli, 11000
KHB Games Village Koramangala, 28700
Balagere, 18000
Indiranagar6, 24000
Tyagaraja Nagar, 22000
Ambedkar Nagar Whitefield, 30000
Rajakilpakkam, 10500
Attiguppe, 16000
Chennappa Layout Marathahalli, 20000
Indira Nagar, 16000
Rajarajeshwarinagar, 16500
Bommanahalli, 15000
Pantarapalya Nayanda Halli, 21000
Thubarahalli Whitefield, 22000
Ulsoor, 9000
Kumaraswamy Layout 1st Stage, 13000
Mutharayana Nagar, 17000
Mavalli, 16000
Besant Nagar, 15000
Jagadenahalli, 25000
J P Nagar 5 Phase  5th Phase  Bengaluru  Karnataka  India, 18000
Rajaji Nagar  Bengaluru  Karnataka  India, 49000
Nagarabhavi, 27000
Thubarahalli, 20000
Kumaraswamy Layout II Stage, 10000
Annasandrapalya Extension, 12000
Kundalahalli Colony Brookefield, 30000
Jayanagara 9th Block, 36000
M.C.Layout  Vijayanagar, 9000
B Narayanapura, 17000
Bilekahalli, 18000
Chikku Lakshmaiah Layout, 13500
HSR Layout  571  11th A Cross Road  Sector 1  Bengaluru  Karnataka  India, 16000
Chickpet, 11000
Sathya Sai Layout Whitefield, 22000
Seshadripuram, 18000
Hope Farm  Maithri Layout  Kadugodi  Bengaluru  Karnataka  India, 35000
Chikkalasandra, 20000
Hoodi, 23500
Benson Town, 35000
Kadubeesanahalli, 12000
Halasuru, 15500
Eastwood Township Kasavanahalli, 16500
Vignana Nagar, 24000
Sampangi Rama Nagara, 12000
BTM Layout 1, 40000
Austin Town, 20000
BTM Layout 2nd Stage, 19500
Spoorthi saahithya apartment  ITPB Main Road  Mahadevapura  Bengaluru  Karnataka  India, 25000
Cauvery Colony Koramangala, 39000
Gattigere, 12000
Narayanappa Garden Whitefield, 21000
Yemalur Marathahalli, 45000
Sunkadakatte, 40000
Jakkasandra, 10000
JP Nagar 6th Phase, 11000
Chansandra, 17500
Marathahalli Main  Raghavendra Layout  Gandhi Nagar  Munnekollal  Bengaluru  Karnataka  India, 28000
Subramanyapura, 12000
JP Nagar , 35000
Munekollal, 16000
Chikka Adugodi, 15000
Lakkasandra, 13500
Devasthanagalu, 20000
Basaweshwara Nagar, 10000
Chandana , 35000
Poornapragna Housing Society Layout, 18000
Pulikeshi Nagar, 16500
Jayanagar 7 Block, 25000
Vimanapura, 14000
Panathur, 16000
1st Block Koramangala HSR Layout 5th Sector, 26000
Shanti Nagar, 50000
Sangeeta Topaz  Hoodi  Bengaluru  Karnataka  India, 23000
Gunjur Village, 20000
Seetharampalya, 12500
BEML Layout 6th Stage  Brookefield, 32000
Krishnarajapuram, 11000
Chamarajpet, 8000
Borewell Road  Borewell Rd  Whitefield  Bengaluru  Karnataka 560066  India, 23000
Kaikondrahalli, 20000
Udaya Nagar  Mahadevapura  Bengaluru  Karnataka  India, 9000
Bennigana Halli, 16000
Mangammanapalya  Bengaluru  Karnataka 560068  India, 9000
JP Nagar 8th Phase, 12000
1st Sector HSR Layout, 32000
Yettu Kodi  Yattakodi  Karnataka  India, 15000
Krishnarajapura, 15000
2nd Main Road Bengaluru, 15500
Sarjapur Road Till Wipro, 37500
Belatur Colony Brindavan Layout, 23000
AECS Layout, 16000
JP Nagar 1st Phase, 9500
Gunjur, 15000
Cox town, 9000
Samethanahalli, 14000
Rajaji Nagar, 36000
EPIP Zone Brookefield, 32000
Thirumalashettyhally, 17000
KR Puram, 17000
Ramesh Nagar, 9800
1st Phase JP Nagar, 20000
Kadubeesanahalli , 27000
jayanagar 9th block, 12000
whitefield, 32000
JP Nagar Phase 6, 27000
Anepalya, 9500
Stage 2 Kumaraswamy Layout, 20000
Srirampura, 10500
Devarabisanahalli Bellandur, 40000
Adugodi, 18000
Malleshpalya, 15000
Garudachar Palya Mahadevapura, 36000
HSR layout Sector 2, 24500
Frazer Town, 35000
Chikkabellandur, 18000
Bairasandra Extension Jayanagar, 50000
AECS Layout  Kundalahalli, 20000
Koramangala 3 Block, 25000
Koramangala 4th Block, 13000
Whitefield  Bengaluru  Karnataka  India, 20000
Uttrahalli, 15000
Koramangala , 30000
ITI Layout, 13000
Richmond Town, 25000
Pattegarhpalya, 15000
Keshava Nagar Binnipete, 34000
DivyaSree Republic of Whitefield  Kundalahalli Rd  Kundalahalli  Whitefield  Bengaluru  Karnataka  India, 22000
2nd Stage Uttarahalli Hobli, 15500
Madhura Nagar, 9000
Banashankari Stage I, 8000
Rajarajeshwari Nagar, 13000
Guttahalli, 18500
BTM 1st Stage, 13000
Aswath Nagar, 10500
Ashok Nagar, 12000
1st Stage BTM Layout, 21000
Parangipalya, 15500
Vignan Nagar Auto Stand  Namjoshi Road  Adarsh Vista  Bengaluru  Karnataka  India, 17500
Murgeshpalya, 14000
Sector 2 HSR Layout, 39000
Jayanagar 1st Block  Bengaluru  Karnataka  India, 22000
Near G R Tech Park  Whitefield  Bangalore, 24000
Channasandra, 18000
Immadihalli  Whitefield  Bengaluru  Karnataka  India, 28000
New Thipasandra, 26000
Padmanabha nagar, 32000
GM Palya  Bengaluru  Karnataka  India, 19000
Kumaraswami Layout, 16000
Creative Sree Nilaya  HSR Layout  Bengaluru  Karnataka  India, 33000
Jaya Nagar 9th Block, 10000
Kundalahalli Brookefield, 21000
Nallurhalli, 20000
Kodihalli, 26000
Kasavanahalli Off Sarjapur Road, 50000
Shankarapura, 18000
Ramagondanahalli, 24000
6th Block C V Raman Nagar, 19000
Deepanjali Nagar, 15000
Pai Layout  Mahadevapura  Bengaluru  Karnataka  India, 22000
Defence Scientist, 20000
Siddapura Whitefield, 21000
Bhoganhalli, 22000
Kadubeesanahalli Panathur, 32000
Hanumanthnagar, 12500
BTM 2nd Stage  Bengaluru  Karnataka  India, 15000
Sorahunase, 15000
New Thippasandra, 17000
Hadosiddapura Doddakannelli, 25000
Rasanna Colony Vibhutipura, 25000
Yelachenahallli, 13000
Arehalli, 9000
BTM Layout 1st Stage, 17000
Neelasandra, 9000
Channasandra Srinivaspura, 16000
JP Nagar 5th Phase, 15000
Rajana Colony C V Raman Nagar, 20000
Sudhama Nagar, 35000
Sivanchetti Gardens, 11000
Srinivagilu, 14000
Doddanekundi Mahadevapura, 33000
Kodigehalli, 15000
Hongasandra, 8500
Hosapalaya Muneshwara Nagar, 29500
Madiwala, 16000
Vidyapeeta Circle, 18000
Tubarahalli, 16500
madiwala, 8000
Jyothi Nagar, 9500
Maruthi Sevanagar, 15000
Devasthanagalu Varthur, 16000
Seetharampalya Whitefield, 24000
Roopena Agrahara Bommanahalli, 17500
Sarjapur Road, 40000
Maruthi Nagar, 15000
Adarsh Palm Retreat Tower 2, 28000
Srinivaspura, 13000
Kaggadasapura  Bengaluru  Karnataka  India, 30000
Vinayaka Nagar, 8500
Chikkakannalli, 20000
Nagendra Block, 12000
Jayanagar 4 Block, 10000
Panduranga Nagar, 9000
Chinnappanahalli, 14000
GM Palya, 13500
Pattegarhpalya  Bengaluru  Karnataka  India, 10000
Bapuji Nagar, 10000
Mangammanapalya, 27000
Bellandur , 23000
Phase 2 Brookefield, 30000
9th Block Jayanagara, 17000
Ittamadu, 10000
Stage 2 BTM Layout, 25000
Stage 1  BTM Layout, 30000
Thyagaraja Nagar, 18000
Dodda Nekkundi Extension Doddanekkundi, 30000
BTM 2nd Stage  Stage 2  Bengaluru  Karnataka  India, 24000
AECS Layout  Brookefield, 23000
Bellandur  Bengaluru  Karnataka  India, 28000
Ittamadu  Bengaluru  Karnataka  India, 8000
Ramanashree Enclave Bilekahalli, 32000
Chamrajpet  Bengaluru  Karnataka  India, 13000
AGS Layout, 15000
Venkatapura, 18000
Mission Road, 28000
Anubhav Nagar, 10500
Thubarahalli Brookefield, 25000
Gunjur Palya, 13000
Uttarahalli, 15000
Govindarajanagar  Vijaya Nagar  Bengaluru  Karnataka  India, 12000
Mudalapalya  Vijaya Nagar, 15000
SG Palya  CV Raman Nagar, 22000
Girinagar  Banashankari, 9500
sarjapur wipro, 32000
Yemalur Main Road  Kempapura  Bellandur  Bengaluru  Karnataka  India, 25000
Roopena Agrahara, 12000
12th Cross Road  Kasavanahalli  Bengaluru  Karnataka 560035  India Bengaluru, 27000
Bommanahalli  Roopena Agrahara  Bengaluru  Karnataka  India, 21500
Poorna Pragna Layout, 13500
Stage 2 BTM 2nd Stage, 15000
Valliyamma Layout Harlur, 37500
Kottigepalya, 8000
West Tambaram  Tambaram, 12000
Kodigehalli Krishnarajapura, 16500
Chennamma Kere Achukattu  Chennammana Kere  Kathreguppe  Banashankari 3rd Stage  Banashankari  Bengaluru  Karnataka  India, 15000
Banashankari Temple Ward, 14000
Srinivasa Colony, 25000
Dooravani Nagar, 32000
Kenchenhalli RR Nagar, 15000
Victoria Layout, 30000
Ambalipura Harlur, 44000
Jagadish Nagar, 10500
Malleshpalya Kaggadasapura, 17000
Varthur  Bengaluru  Karnataka  India, 18500
Jayanagar 1st Block, 8500
Ambalipura, 27000
Madivala, 11000
Nayanda Halli, 13000
Koramangala 5th Block, 21500
Annapurneshwari Nagar, 13000
Vannarpet, 16000
Chikka Madivala, 8000
Sheshadripuram, 10000
Malleswaram, 30000
Ankappa Layout  Uttarahalli Hobli, 10000
Domlur 1st Stage, 12500
DN Ramaiah Layout  Guttahalli, 22000
Suddaguntapalya C V Raman Nagar, 20000
Jayanagar 2nd Block, 9500
Kumara Park West, 15000
Immadihalli, 19000
S R Nagar, 29000
Pukhraj Layout  Adugodi  Bengaluru  Karnataka  India, 9500
Garvebhavi Palya, 10000
Malleshwaram West, 15000
Basaveshwaranagar, 15500
Jagadish Nagar  Kaggadasapura  Bengaluru  Karnataka  India, 20000
Ulsoor  Camebridge Layout, 28000
HSR Layout  Sector 1, 28000
Srinivagilu Ejipura, 12000
Jogupalya  Bengaluru  Karnataka  India, 8500
Siddapura, 10000
Doddanekundi Kaggadasapura, 20000
Konena Agrahara, 14000
Green Glen Layout Bellandur, 26000
Doddanekkundi  Doddanekkundi, 20000
Basavanagar, 13500
Sarjapur Main Road, 25000
B R Layout  Munnekollal  Bengaluru  Karnataka  India, 9500
Medavakkam, 10000
Banashankari 3rd Stage  Banashankari  Bengaluru  Karnataka  India, 15000
Raja Rajeshwarinagar, 15000
Sulthangunta Shivaji Nagar, 30000
Sadanandanagar, 45000
Sampangi Rama Nagar, 11000
HSR Layout  Sector 2, 14000
76  Service Road  Nisarga Layout  Doddanekundi  Doddanekkundi, 17000
2391  16th A Main Rd  HAL 2nd Stage  Indiranagar  Bengaluru  Karnataka 560008  India Bengaluru, 17500
JP Nagar 4th Phase, 25000
Kasavanahalli Village Marathahalli, 22000
K R Garden Murgesh Pallya, 45000
1st Sector  HSR Layout, 8500
LBS Nagar, 14500
Sadduguntepalya, 10500
Papreddy Palya, 13500
3G Homes Crimson Layout Kadugodi, 23000
Manjunatha Layout  Munnekollal, 23000
Munivenkatppa Layout Bilekahalli, 25000
Kodipur, 12000
Sudhama Nagar , 12000
Murugeshpalya , 22500
Kempapura Bellandur, 20000
Panathur  Bengaluru  Karnataka  India, 21000
Sri Sai Icon  Gear Road  Bhoganhalli  Bengaluru  Karnataka  India, 24000
Shivanagar, 10000
Munnekollal  Bengaluru  Karnataka  India, 20000
Byrasandra, 9500
KR puram, 26000
Kalyan Nagar, 8500
Hoodi   Saketha Nagar  Hoodi  Bengaluru  Karnataka  India, 10000
JP Nagar 4th Phase  Phase 4, 20000
Nagavarapalya C V Raman Nagar, 23000
Koramangala  Bengaluru  Karnataka  India, 23000
Srinagar Banashankari, 26000
Jaya Nagar East, 8500
Kasturi Nagar, 25000
Varsova Layout Kaggadasapura, 21000
Vasanth Nagar, 12000
1st Block Koramangala, 24000
Thigalarapalya  Hoodi, 25000
Devasthanagalu Balagere, 18500
1st Sector Gunjur Village, 8000
Amblipura, 22000
Maithri Layout  Kadugodi, 15000
Viveka Nagar, 15500
Tilak Nagar, 9000
Chinappa Layout Mahadevapura, 24500
Annapoorneshwari Nagar, 12500
Varthur road, 22000
1st Stage BTM Layout 1, 25500
2nd Block Koramangala  Koramangala  Bengaluru  Karnataka  India, 8500
JP Nagar  2nd Phase, 25000
36  1st Cross Rd  Vinayaka Nagar  Nanjundeswara Layout  J P Nagar Phase 5  JP Nagar  Bengaluru  Karnataka 560078  India Bengaluru, 16000
Chennammanakere Achukattu , 50000
Moodalapalya, 12000
Annasandra Palya, 12000
Kundalahalli Whitefield, 35000
Chandra Layout Marathahalli, 17000
Girinagar, 16000
Hosakerehalli Layout  Banashankari Stage I  Banashankari  Bengaluru  Karnataka  India, 8500
Mangammanapalya  Bengaluru  Karnataka  India, 22000
Marathahalli  Bengaluru  Karnataka  India, 8500
Shamana Garden Wilson Garden, 35000
Phase 1 Doddanekkundi, 22000
Nagarbhavi 2nd stage, 20000
Pai Layout, 18000
SBM Colony, 16000
Sowparnika Ushakiran  60 Feet Road  AECS Layout  Bengaluru  Karnataka  India, 17000
Lakshminarayanapuram, 15000
Xavier Layout, 35000
Sector 7  HSR Layout, 22000
Electronic City Phase II  Electronic City  Bengaluru  Karnataka  India, 13500
immadihalli, 18000
Prithvi Layout  Whitefield  Bengaluru  Karnataka 560066  India, 15000
Srinivasanagara  Banashankari Stage I, 10000
Hoodi Bus Stop  ITPL Main Rd  Thigalarapalya  Hoodi  Bengaluru  Karnataka 560067  India, 24000
ITPL  Whitefield  Bengaluru  Karnataka  India, 26000
Vivek Nagar, 13000
Doddakannalli, 28000
Swami Vivekananda Road  Upkar Layout  Whitefield, 27000
No 8215 4th Main 2nd Cross Shanthinikethan Layout  Marathahalli  4  SGR Dental College Rd  Shamanna Reddy Layout  Kasavanahalli Village  Bellandur  Bengaluru  Karnataka 560037  India Bengaluru, 11500
Akshara Aspire  Vijay Nagar  Whitefield  Bengaluru  Karnataka 560066  India Bengaluru, 18000
Poornapragna Layout, 20000
RPC Layout, 20000
Air View Colony  HAL, 11000
Turahalli  Thurahalli  Bengaluru  Karnataka  India, 11000
BTM Layout , 10000
1st Phase  JP Nagar  Bengaluru  Karnataka  India, 14500
Balaji Nagar, 9500
EPIP Zone  Brookefield, 32000
jayanagar, 9500
Sarjapur Road Wipro To Railway Crossing, 23000
Hope Farm Junction  Maithri Layout  Kadugodi  Bengaluru  Karnataka, 25000
Munnekolala, 14000
Jagadish Nagar Kaggadasapura, 19000
Hemmigepura Ward 198 RR Nagar, 13000
Banashankari 3rd Stage , 15000
BTM 1st Stage  Karnataka  India, 10500
Rock Heights  13th Cross Road  Kaggadasapura  Bengaluru  Karnataka  India, 20500
Kempapura, 13500
Sri Jnanakshi Vidyaniketan  RR Nagar  Bengaluru  Karnataka  India, 14000
Doddakannelli  Bengaluru  Karnataka  India, 28000
Munnekolla, 23000
Chikka Tirupathi, 14500
Audugodi, 15000
Malleshpalya  Kaggadasapura  Bengaluru  Karnataka  India, 35000
Someshwara Nagar, 12000
HAL 3rd Stage  Bengaluru  Karnataka  India, 50000
Kengeri Satellite Town, 12000
KPA Block, 13000
371  5th Main Rd  Gavipuram Extension  Srinagar  Banashankari  Bengaluru  Karnataka 560019  India Bengaluru, 11500
Brookefield  Kundalahalli, 30000
Koralur, 17000
Green Glen Layout, 23000
Forum Value Mall Bus Stop  Whitefield  Bengaluru  Karnataka  India, 24000
Vijayanagar Metro Station  Chord Road  SBI Staff Colony  Hoshalli Extension  Hosahalli Extension  Vijaya Nagar  Bengaluru  Karnataka  India, 18000
Singayyanapalya, 9500
Frazer Trown, 45000
Vannarpet Layout  Viveka Nagar, 13000
Kariyammana Agrahara Bellandur, 38000
Prestige Shanthinikethan  Bengaluru  Karnataka  India, 32500
Carmelaram, 22000
Binny Pete, 10000
NGR Layout  Roopena Agrahara  Bommanahalli, 16000
Tippasandra, 13000
Bomanahalli, 13000
Jayanagar 3rd Block, 30000
Aswath Nagar  Marathahalli  Bengaluru  Karnataka  India, 16000
Cholourpalya, 23000
Muneshwara Nagar, 14500
Immadihalli Whitefield, 21000
Chikkasandra, 16000
Murugeshpalya Airforce Camp  H A L Old Airport Rd  Kodihalli  Bengaluru  Karnataka  India, 8000
13th Main Rd  ITI Layout  Sector 2  HSR Layout  Bengaluru  Karnataka 560068  India Bengaluru, 18000
BSK 2nd Stage, 22000
Basaveshvara Nagar, 18000
Kundalahalli, 9000
5th Stage RR Nagar, 15000
Kanakpura Main Road , 13000
Gandhi Nagar Munnekollal, 26000
Srinagar  Banashankari, 14000
ulsoor metro station, 14000
VV Puram, 17000
Koramangala 8th Block, 12000
Devarabisanahalli  Bellandur, 50000
Sri Jnanakshi Vidyaniketan  Kenchena Halli Rd  Halagevaderahalli  Rajarajeshwarinagar  Bengaluru  Karnataka  India, 15000
laksmipuram, 10000
Murugesh Pallya, 21550
vijayanagar, 15000
Sadananda Nagar, 25000
Reflex Housing Layout, 12000
Kamaksipalya, 8500
NGR Layout Bommanahalli, 30000
Ranka Colony Bilekahalli, 23500
Vibhuthipura, 30000
Annasandrapalya, 12500
Shastri Nagar, 10000
Ramanjaneyanagar, 11000
Green Glen Layout  Bellandur, 32000
Om Sakti Heritage Road  Green Glen Layout  Bellandur, 31000
Mahadevapura , 23000
kaggadasapura, 11500
Karthik Nagar Park  Doddanekundi  Bengaluru  Karnataka  India, 13000
Bharath Housing Society Layout Banashankari, 18000
Doddakannelli  463  Carmelaram Road  Janatha Colony  Bengaluru  Karnataka 560035  India, 28000
Purva Riviera  Bengaluru  Karnataka  India, 37000
Banashankari Stage III, 9500
5th Phase  JP Nagar  Bengaluru  Karnataka  India, 9500
1st Stage  BTM Layout, 25000
Cauvery Colony, 16500
Madhava Nagar, 30000
Byrasandra Main Road  1st Block  Jaya Nagar 1st Block  Jayanagar  Bengaluru  Karnataka  India, 23000
Ramagondanahalli Whitefield, 27000
Whitefield  Vijay Nagar , 15000
Hegganahalli, 18000
Haralur Road  PWD Quarters  1st Sector  Harlur  Bengaluru  Karnataka  India, 21000
ITPL  Pattandur Agrahara  Whitefield  Bengaluru  Karnataka 560066  India, 18500
Jayanagar 1st Block , 28000
Adarsh Palm Retreat Doddakannelli, 35000
Krishna Garden Road  RR Nagar  Bengaluru  Karnataka  India, 15000
Dairy Circle, 25000
A Narayanapura, 14500
Srinivasnagar, 14000
Vignan Nagar, 24000
Teacher's Colony  HSR Layout 5th Sector  Bengaluru  Karnataka  India, 25000
Banashakari, 15000
Balagere  Bengaluru  Karnataka  India, 16000
684-E  47th Cross Road  8th Block  1st Phase  JP Nagar, 20000
RK Mutt Rd  Gupta Layout  Ulsoor  Bengaluru  Karnataka 560008  India Bengaluru, 10000
9th Block  Jayanagar, 16000
Binnipete, 13000
Jayanagar 5th Block, 30000
Garden Villas, 8000
Kadarenahalli Padmanabhanagar, 20000
Nallurhalli  Whitefield, 15000
Nayandahalli, 14000
BHEL Layout RR Nagar, 17000
Giri Nagar, 20000
Vivek Nagar  Bengaluru  Karnataka  India, 11000
Gunjur  Bengaluru  Karnataka  India, 20000
EPIP Zone  Whitefield, 42000
BTM Layout  1st Stage  Bengaluru  Karnataka  India, 9000
Bismillahnagar  Suddagunte Palya, 9000
HAL 2nd Stage, 8000
6th Block  Bellandur, 35000
Balaji Layout Kaggadasapura, 23000
Domlur Stage 2, 23000
Kodichikknahalli, 9500
Doctor Ambedkar Nagar Road Bengaluru, 20000
183  4th Main Road  Maithri Layout  Kadugodi, 17500
Devasthanagalu  Varthur, 24000
Vijay Nagar, 15000
Virat Nagar, 8000
KPC Layout  Kasavanahalli  Junnasandra  Karnataka  India, 22000
Devaiah Park  Bengaluru  Karnataka  India, 15000
Whitefield  Thubarahalli, 28000
Yemalur  Bengaluru  Karnataka  India, 13000
Queens  road cross  shivajinagar  near congress bhavan, 8000
Rupena Agrahara, 15000
Kempegowda Nagar, 16500
Doddanekkundi Industrial Area Road  Dodda Nekkundi Extension  Doddanekkundi  Bengaluru  Karnataka  India, 22000
Mudalapalya, 16000
  Hoodi, 12000
Vijayanagar 2nd stage, 22000
BANGALORE, 19000
Kengunte, 12000
J P Nagar 5th Phase, 20000
Marathalli, 19000
West Of Chord Road, 13000
BTM 2nd Stage , 14000
8th Block  Jayanagar, 18000
Jaya Nagar 1st Block, 20000
Kasavanhalli, 18000
N.S. Palya, 12000
Murphy Town Ulsoor, 36000
Uttarahalli Main Road, 10000
Fernhill Gardens  HSR Layout  Bengaluru  Karnataka  India, 25000
Halasahalli, 19000
Prithvi Layout Whitefield, 26000
Munnekollalu, 8000
Indiranagara, 30000
Jay Bheema Nagar, 8500
Malagala, 11000
100 Feet Road  Madiwala  1st Stage  Indiranagar  Bengaluru  Karnataka  India, 18000
Chikkalsandra, 15000
JP Nagar Phase5, 15000
Shanthala Nagar, 40000
Kumaraswamy Layout  Bengaluru  Karnataka  India, 29000
Koramangala 3 Block Koramangala, 30000
Outer Ring Road  Marathahalli  Bengaluru  Karnataka  India, 48000
Udaya Nagar, 10000
Papareddipalya, 13000
Virat Nagar Bommanahalli, 10000
Rainbow Drive Halanayakanahalli, 22000
JP Nagar Phase 2, 30000
Ankappa Layout Uttarahalli Hobli, 19000
Kadubeesanahalli  Bengaluru  Karnataka  India, 29000
Cubbonpete, 10000
B Narayanapura  Mahadevapura, 11000
2nd Phase  JP Nagar, 16000
Varthur Police Station  Varthur  Bengaluru  Karnataka  India, 21000
Jayanagar 5th block, 10000
Nagarbhavi  Bengaluru, 21000
BSK 3rd Stage, 12500
Somasundarapalya, 40000
Jai Bheema Nagar, 12000
Sarjapur, 18000
Egipura, 17000
12th cross  Vird Nagar Main Road  NGR Layout  Roopena Agrahara  Bengaluru  Karnataka  India, 22800
52  Bannerughatta Approach Road Layout  4th T Block East  Tilak Nagar  Jayanagar  Bengaluru  Karnataka 560041  India Bengaluru, 13000
Banashankari II Stage, 16500
Udaya Nagar  Bengaluru  Karnataka  India, 8000
Doddanekkundi Extension, 18000
HSR Layout Sector-1, 15000
janapriya abodes, 11000
Rajeshwari Nagar, 19500
Kaveri Pura  Priyadarshini Layout, 12500
Sadaramangala Krishnarajapura, 21000
Nagarathpete, 30000
Srirampuram, 10000
Malleshwaram, 37000
d block AECS Layout  Bengaluru  Karnataka  India, 20000
JP Nagar Phase 6 JP Nagar, 25000
House No.  8  Dr Omer Sherif Rd  Kanakapura  Basavanagudi  Bengaluru  Karnataka 560004  India Bengaluru, 35000
Prashanth Extension  Whitefield  Bengaluru  Karnataka  India, 22000
GM Palya  C V Raman Nagar, 17000
Jayanagar 9th Block, 45000
LB Shastri Nagar  Kaggadasapura  Bengaluru  Karnataka  India, 27000
Shakthi Ashraya  6th H Cross Rd  Kaggadasapura  Bengaluru  Karnataka 560093  India Bengaluru, 18500
Yemalur, 9000
Thippasandra, 21000
Indiranagar  Bengaluru  Karnataka  India, 33500
Gowdanapalya, 23000
stage 2  BTM Layout, 16000
BCC Layout, 10000
Chikkalasandra , 10000
Kachamaranahalli, 16000
Kathriguppe, 12500
Prakash Nagar, 10000
Laxmi Sagar Layout Mahadevapura, 45000
HSR Layout  Sector 3, 22500
Banashankari 2nd Stage, 30000
Munnireddy Layout Panathur, 25000
Keshava Nagar, 32000
ISRO Layout, 13000
141  7th Cross Road  Stage 2  Hoysala Nagar  Indiranagar  Bengaluru  Karnataka 560038  India Bengaluru, 31000
Vibhutipura  Bengaluru  Karnataka  India, 15000
Lore Pride  Ferns City  Bengaluru  Karnataka  India, 35000
JP Nagar Phase 6  Bengaluru  Karnataka  India, 28000
Channasandra Main Road  Bengaluru  Karnataka  India, 21000
Suddaguntapalya, 9500
Lakshmi Layout, 20000
Banashankari  Bengaluru  Karnataka  India, 18000
BEML 5th Stage  Rajarajeshwarinagar  Bengaluru  Karnataka  India, 12000
Simhadri layout, 20000
Chandra Layout  Bengaluru  Karnataka  India, 18000
Jeevan Bhima Nagar, 12500
Vikram Nagar Kumaraswamy Layout, 27000
BHEL Layout, 15000
JP Nagar 7th Phase, 9500
Domlur Village, 20000
HSR 6th Sector, 29000
HSR layout sector 6, 20000
Basava Nagar, 16000
Shirdi Sai Nagar Munnekollal, 20000
Banashankari Stage II  Banashankari  Bengaluru  Karnataka 560070  India, 11000
Jayanagar2nd Block, 9500
Dodsworth Layout Whitefield, 29000
 4th Cross Road  2nd Stage  Brigade Metropolis  Garudachar Palya  Mahadevapura  Bengaluru  Karnataka 560048  India Bengaluru, 14000
HSR Sector 1, 18000
Near karnataka bank ATM  17 E Cross  Near Royal enfield showroom, 16000
Prestige Shantiniketan  Hoodi  Bengaluru  Karnataka  India, 40000
Devarabisanahalli, 13000
Jayanagar  1st Block, 11500
Prashant Nagar, 11000
kadugodi, 12500
Ideal Homes Layout  RR Nagar  Bengaluru  Karnataka  India, 15700
Halanayakanahalli  Bengaluru  Karnataka  India, 47500
Marathahalli Village Marathahalli, 30000
Teacher&#39;s Colony, 15000
61 13th main 4th block   Jayanagar East  Jaya Nagar 1st Block  Jayanagar  Bengaluru  Karnataka 560041  India Bengaluru, 10000
Bangalore, 20000
Lakkasandra Extension Adugodi, 45000
Pulkeshi Nagar, 12000
Perungudi, 20000
Krishvi Dhavala  Doddakannelli  Bellandur  Bengaluru  Karnataka  India, 50000
32  31st Main Road  Sector 2  HSR Layout, 28500
1847  6th Cross Rd  R.K Colony  Marenahalli  2nd Phase  JP Nagar  Bengaluru  Karnataka 560040  India Bengaluru, 23000
Bhoganhalli  Bengaluru  Karnataka  India, 28000
Doddamavalli, 8500
Sanjeevini Nagar, 13000
Chandana, 36000
Post Office Road  Kadugodi  Bengaluru  Karnataka  India, 21000
BTM Layout 2nd Stage  Bengaluru  Karnataka  India, 19000
Pai Layout Mahadevapura, 25000
Ayyappa Nagar Krishnarajapura, 16000
Sector 3  HSR Layout, 18000
Gayatrinagar  Rajaji Nagar  Bengaluru  Karnataka  India, 21000
vignan nagar, 12000
Purva Sunshine Apartments Road  Kaikondrahalli  Bengaluru  Karnataka  India, 31000
Stage 2  Vijaya Nagar, 35000
KIADB Export Promotion Industrial Area Krishnarajapura, 27000
Sobha Dream Acres  Balagere Road  Varthur  Bengaluru  Karnataka  India, 22000
NR Colony, 34000
Doddanakundi, 25000
Amarajyothi Nagar Vijaya Nagar, 30000
Chennappa Layout Chinnapanna Halli, 22000
Banashankari 3rd Stage  Bengaluru  Karnataka  India, 17000
Sarjapur  Bengaluru  Karnataka 562125  India, 46000
Chikku Lakshmaiah Layout Adugodi, 26000
Byraveshwaranagar, 16000
Govindaraja Nagar Ward, 15000
Kadabeesanahalli, 35000
Varthur Police Station  Bengaluru  Karnataka  India, 17000
J. P. Nagar  Bengaluru  Karnataka  India, 24000
Vijaya Nagar  Bengaluru  Karnataka  India, 8000
JP Nagar Phase 6 , 18000
GM Palaya, 22000
Madipakkam, 28000
Sampige Layout, 10000
Bellandur HSR Layout, 40000
Vittal Nagar, 16000
Brookefield  Tigalarpalya, 29000
Yemalur Bellandur, 22000
Banashankari Stage 1, 20000
Purnapragnya Layout, 9000
Chansandra  Bengaluru  Karnataka  India, 8500
The Deens Academy  ECC Road  Dodsworth Layout  Whitefield  Bengaluru  Karnataka  India, 30000
RR Nagar  Bengaluru  Karnataka  India, 13000
Thubarahalli  Varthur Road  Whitefield  Bengaluru  Karnataka  India, 23000
Vaddara Palya Kodipur, 25000
Kumarapark West, 18000
Prestige Ozone Whitefield, 37000
Indiranagar  HAL 2nd Stage, 30000
BEML Layout Brookefield, 16000
Varsova Layout C V Raman Nagar, 21900
124  1st Cross Rd  Bharathi Layout  Venkateshwara Layout  Suddagunte Palya  Bengaluru  Karnataka 560029  India Bengaluru, 14000
ITC Colony Maruthi Sevanagar, 25000
kadubeesanahalli, 24000
Maruthi Nagar  Attiguppe, 12000
Janatha Colony Chikkabellandur, 32000
JP Nagar Phase, 12000
Anubhavanagara, 10500
Islampur Vibhutipura, 19000
Vignan Ngar, 18000
Padmanabha Nagar, 16000
Srinagar  Bengaluru  Karnataka  India, 23500
Vijay Nagar Whitefield, 23000
JP Nagar Phase 6  JP Nagar, 19000
Siddanna Layout  Banashankari Stage II, 10000
Dattatreya Nagar, 18000
Sector 6 HSR Layout, 24000
Hoodi  , 24500
Maithri Layout, 16500
Gandhi Nagar Marathahalli, 20000
SR Krishnappa Garden  Jayanagar  Bengaluru  Karnataka  India, 10000
Vinayaka Extension, 15000
Mahadevpura, 19000
Sampangirama Nagar, 17000
HSR layout, 16000
Jayamahal, 15000
142-144  Kamaraj Rd  Shivaji Nagar  Bengaluru  Karnataka 560042  India Bengaluru, 12000
Prestige Ferns Residency   Harlur  Bengaluru  Karnataka 560068  India, 24000
Indira Nagar II Stage, 25000
Simhadri layout Uttarahalli Hobli, 18000
Ashwini layout, 25000
Dwarka Nagar, 12000
Kodihalli  HAL Old Airport Road  HAL 2nd Stage  Kodihalli  Bengaluru  Karnataka  India, 26000
Queens Road, 25000
48/15  1st Main Rd  Lakshmi Sagar Layout  Maheswari Nagar  B Narayanapura  Narayanapura  Bengaluru  Karnataka 560048  India Bengaluru, 16000
1st Phase  JP Nagar, 12000
Industrial Area Hoodi, 21000
RR Bakery  Annasandrapalya Extension  Vinayaka Nagar  Vimanapura  Bengaluru  Karnataka  India, 12500
BEML Layout 3rd Stage, 16000
Jayanagar 3rd Block East, 10000
Silver Springs Layout  Munnekollal  Bengaluru  Karnataka  India, 28000
Nelluru Puram, 13000
Shri Balaji Sarovar  Pattandhur Agrahar Village  Near E ..., 17000
Green Glen Layout  Bellandur  Bengaluru  Karnataka  India, 23000
West of Chord Road, 18000
Doddakannelli-Chikkanayakana Halli Road  Doddakannelli  Bengaluru  Karnataka  India, 16000
Cottonpete, 25000
Singayyanapalya Mahadevapura, 27000
T R Nagar, 13000
AECS Layout  Marathahalli, 23500
Udaya Nagar Mahadevapura, 16000
Whitefield , 20000
Nanjamba Agrahara, 12000
Bilekahalli  Bannerghatta Main Road  Bengaluru  Karnataka  India, 18000
S.G. Palya, 24000
47  13th B Cross Rd  Teacher&#39;s Colony  Jakkasandra  1st Block Koramangala  Koramangala  Bengaluru  Karnataka 560034  India Bengaluru, 11000
Chickpet  Bengaluru  Karnataka  India, 18000
Pai Layout  Bengaluru  Karnataka  India, 9000
Srinagar  Banashankari  Bengaluru  Karnataka  India, 21500
Thiruvanmiyur, 28000
Kammanahalli, 15000
Konanakunte, 15000
Balaji Enclive  Doddanekkundi  Bengaluru  Karnataka  India, 25000
2nd Phase  JP Nagar  Bengaluru  Karnataka  India, 30000
Whitefield Global School  Bengaluru  Karnataka  India, 11000
Yelachenahallli Kumaraswamy Layout, 35000
Sector 7 HSR Layout, 30000
Defence Colony  Indiranagar  Bengaluru  Karnataka  India, 40000
Prasanth Extension  Whitefield  Bengaluru  Karnataka  India, 24000
Murgesh Pallya  Bengaluru  Karnataka  India, 10000
Malleshpalya New Bus Station  BEML Main Road  LBS Nagar  Kaggadasapura  Bengaluru  Karnataka  India, 8000
Kenchenhalli, 16000
Ashwini Layout Ejipura, 28000
Ejipura  Bengaluru  Karnataka  India, 17000
LBS Nagar Vimanapura, 25000
Vengaivasal, 17000
agara, 24000
hoodi, 13000
Koramangala 2 Block, 17000
Somasundarapalaya  1st Stage, 11000
Avenue Road cross Basavana lane, 21000
Ittamadu Bus Stop  3rd Main Road  Banashankari  Bengaluru  Karnataka  India, 8500
Cooke Town, 23000
Konena Agrahara  Murgesh Pallya  Bengaluru  Karnataka  India, 10000
Spoorthi Sahithya Apartment Mahadevapura, 25000
Carmelaram  Bengaluru  Karnataka  India, 35000
Basavanagudi  Bengaluru  Karnataka  India, 40000
Jogupalaya, 14000
Yelachenahallli  Bengaluru  Karnataka  India, 17000
Jayanagar  4T Block, 25000
HAL  Bengaluru  Karnataka  India, 16500
Banagirinagara, 17000
11  Hanumappa Road  Bhoomi Reddy Colony  Bengaluru  Karnataka  India, 12000
Basavanagudi , 20000
Kodihalli on Old Airport Road, 23000
Sarjapur Main Road  Sector 2  PWD Quarters  Bengaluru  Karnataka  India, 25000
Manjunath Nagar, 8000
Roopena Agrahara  Bommanahalli, 18712
Prestige Ferns Residency, 29000
banashankari, 15000
Bilekahalli  Sundar Ram Shetty Nagar  Bilekahalli  Bengaluru  Karnataka  India, 24000
HAL, 11500
Aditya Layout RR Nagar, 30000
Tigalarpalya Brookefield, 18500
Banashankari 3rd Stage Banashankari, 37500
Hombegowda Nagar, 22000
Tasker Town, 30000
Krishna Murthi Layout, 12500
LB Shastri Nagar, 15000
Food Garden Road  Food Garden Rd  Anugraha Layout  Langford Town  Shanti Nagar  Bengaluru  Karnataka 560027  India, 9000
Phase 4 JP Nagar, 20000
9th Block Jayanagara  Jayanagar  Bengaluru  Karnataka  India, 30000
Uttarahalli Hobli  Bengaluru  Karnataka  India, 20000
btm layout, 18000
1308  32nd F Cross Rd  4th T Block East  Jayanagar  Bengaluru  Karnataka 560041  India Bengaluru, 14000
Varthu, 8000
59/3  1st Cross Rd  Shamanna Reddy Layout  Virat Nagar  Bommanahalli  Bengaluru  Karnataka 560068  India Bengaluru, 9500
Nallurhalli Road  Whitefield  Bengaluru  Karnataka  India, 23000
Victoria Layout  Bengaluru  Karnataka  India, 20000
1  Kariyammana Agrahara Rd  Kadubeesanahalli  Marathahalli  Bengaluru  Karnataka 560037  India Bengaluru, 18000
Prestige Ferns Residency  Harlur Main Road  Eastwood Township  Harlur  Bengaluru  Karnataka  India, 38000
Muneshwara Block, 16000
Kamakshipalya, 12000
Prime Blue Forest Apartment  Krishnappa Garden  Hoodi  Bengaluru  Karnataka  India, 16000
BEML Layout 5th Stage  RR Nagar  Bengaluru  Karnataka  India, 20000
BEML Layout 3rd Stage RR Nagar, 16000
Koramangala 3 Block  Bengaluru  Karnataka  India, 15000
varthur, 8000
Thubarahalli  Bengaluru  Karnataka  India, 22000
Pramod Layout, 22000
New Thippasandra Main Road  HAL 3rd Stage  Bhoomi Reddy Colony  New Tippasandra, 22000
HSR Layout 2nd Sector, 9000
Sunrise Aurora Apartments  Sanvi Sankalpam Main Rd  Bengaluru  Karnataka 560067  India, 15000
Iblur Village Agram, 45000
Halasuru Police Station, 39994
Ramachandrapuram, 16000
Yelachenahalli, 19000
Sector 2  HSR Layout, 40000
Maruthi Seva Nagar, 25000
Langford Gardens, 14000
Vinayaka Nagar Murgesh Pallya, 17500
HSR Layout 5th Sector  Bengaluru  Karnataka  India, 18000
BTM Layout 1  Bengaluru  Karnataka  India, 20000
KHB Colony  Basaveshwar Nagar, 15000
Hanumanthanagar, 25000
Nallurahalli, 15500
Universal Gym  BTM 2nd Stage  Bengaluru  Karnataka  India, 10000
New Tippasandra , 25000
Jayanagara 9th Block  Jayanagar, 9000
Canara Bank Colony Uttarahalli Hobli, 13000
KSRTC Layout, 25000
5th Phase  JP Nagar, 17000
Huchappa Layout  Mudalapalya, 10000
Hampi Nagar, 9000
Bilekehalli, 22000
Kumaraswamy Layout 2nd Stage  1st Stage  Bengaluru  Karnataka  India, 14000
Richmond Town  Bengaluru  Karnataka  India, 20000
sarjapur main road, 45000
BTM Layout II Stage, 14000
Sathya Sai Layout  Whitefield, 26000
Phase 4  JP Nagar, 16000
Basavangudi, 30000
Brookefield , 23000
Kaikondanahalli, 12000
J P Nagar 5 Phase, 30000
29  21st A Cross Rd  Pragathi Layout  Doddanekundi  Doddanekkundi  Bengaluru  Karnataka 560037  India Bengaluru, 12000
32  Bendre Nagar  Nr Kadirenahalli Petrol Bunk  Banashankari Stage II  Bengaluru  Karnataka 560070  India Bengaluru, 10000
Doddanekkundi Doddanekkundi, 25000
Abbaiah Reddy Layout, 16000
Bhyraveshwara Nagar, 9500
Banashankari Stage I  Bengaluru  Karnataka  India, 12000
Basaveshwar Nagar , 17000
Mangammanapalya  Sector 7  HSR Layout, 9000
Phase 1 Whitefield, 29000
Kodbisanhalli , 34000
Malleshpalya  Bengaluru  Karnataka  India, 14000
Dasarhalli, 9000
Brookefield  AECS Layout, 22000
Krishnappa garden  Jayanagar.Behind Empire hotel, 14000
J P Nagar 4th phase, 25000
Ayyappa Nagar  Krishnarajapura, 13500
Marathahalli  Manjunatha Layout, 36000
Neelankarai, 18000
Brookefield  Bengaluru  Karnataka  India, 26000
Kodbisanhalli, 20000
Naagarabaavi, 9000
marathalli, 18000
159-162  Yellamma Temple Rd  HAL 2nd Stage  Kodihalli  Bengaluru  Karnataka 560008  India Bengaluru, 13000
RajajiNagar, 18000
marathahalli, 15500
3rd Sector Park  Sector 3  HSR Layout  Bengaluru  Karnataka  India, 14000
Kasavanahalli  Bengaluru  Karnataka 560035  India, 16000
Gayathri Nagar, 13000
Victoria Layout , 32000
Rajaji Nagar , 8000
Poornaprajna Layout, 12000
Indra Sadan Apartment  Goshala Road  Garudachar Palya  Mahadevapura  Bengaluru  Karnataka  India, 30000
Rajajinagar 3rd Block, 17500
Kundalahalli Gate  Varthur Main Road  Brookefield  Bengaluru  Karnataka  India, 20000
Muneshwara Block  Telecom Colony  Bengaluru  Karnataka  India, 19000
Haralur Road  close to Bellandur Gate, 22000
Doddanekundi Extension, 13500
Tasker Town Shivaji Nagar, 50000
bangalore ac service  Bismillah Nagar  Bengaluru  Karnataka  India, 12000
Sindhoor Convention Centre  Bengaluru  Karnataka  India, 21000
Gandhi Nagar, 25000
2nd Phase  JP Nagar , 14000
Varthur Road, 30000
Banashankari 3rd Stage Chikkalasandra, 13500
Sadanandanagar  Bennigana Halli, 16000
4th Block Jayanagar, 25000
Nallurhalli  Whitefield  Bengaluru  Karnataka  India, 20000
Mico Layout, 15000
Sector 7 Somasundarapalya, 40000
641  26th Cross Road  Sector 7  Bengaluru  Karnataka  India, 20000
31  14th Main Rd  Sector 7  HSR Layout  Bengaluru  Karnataka 560102  India, 14000
Jayanagara 4th T Block, 35000
Golden Star Apartment  Hoodi Main Road  Hoodi  Bengaluru  Karnataka  India, 17000
Valliyamma Layout Kaikondrahalli, 23500
Pattanagere RR Nagar, 18000
KIADB Export Promotion Industrial Area Whitefield, 25000
nagarabhavi, 15000
Tavarekere  Ramappa layout  1st Stage  BTM Layout  Bengaluru  Karnataka  India, 9000
Akkipete, 10000
77  Sarakki Gate Rd  Sarakki Gate  1st Phase  JP Nagar  Bengaluru  Karnataka 560078  India Bengaluru, 14000
malleshwaram, 20000
Dodda Nekkundi Extension, 28000
Amarjyothi Layout  Domlur, 34000
Nagarbhavi 2nd Stage, 24000
Vishweshwarapura, 21000
DSR TOPAZ  Green Glen Layout  Bellandur  Bengaluru  Karnataka  India, 32500
Kadugodi  Bengaluru  Karnataka  India, 20000
Gattigere RR Nagar, 25000
Annasandrapalya Extension , 17000
Chansandra  Koralur, 25000
Marathahalli Kodbisanhalli, 29500
Hoodi Main Road  Hoodi  Bengaluru  Karnataka  India, 28000
LBS Nagar  Kaggadasapura  Bengaluru  Karnataka  India, 15000
Bhuvaneshwari Nagar Banashankari, 23000
Hudi, 30000
Kalidasa Layout  Srinagar  Banashankari  Bengaluru  Karnataka  India, 16000
Bhanu Residency  Stage 2  Bengaluru  Karnataka  India, 24000
Viveka Nagar  Bengaluru  Karnataka  India, 17000
No. 99  8th A Cross Road  3rd Main  Venkatapura  Koramangala 1st Block  Teacher&#39;s Colony  Jakkasandra  1st Block Koramangala  HSR Layout 5th Sector  Bengaluru  Karnataka 560034  India Bengaluru, 9500
Balagere Road  Balagere  Bengaluru  Karnataka  India, 25000
Basavanagudi  NR Colony, 14500
JP Nagar Phase 6  JP Nagar  Bengaluru  Karnataka  India, 25000
Basava tonagudi, 12000
Venkatapura  Koramangala, 9000
Jeevan Bima Nagar  Shivalingaiah Colony  Bengaluru  Karnataka  India, 15500
Terrace Garden Apartments  Ittamadu  Banashankari 3rd Stage  Banashankari  Bengaluru  Karnataka  India, 15000
New Baiyyappanahalli Extension, 10000
Kundalahalli  Brookefield, 24500
Ankappa Layout, 11500
4th block Koramangala, 20000
Azad Nagar, 8500
kundalahalli, 20000
Koramangala 4th Block  Bengaluru  Karnataka  India, 25000
Suddagunte Palya , 10000
Udayanagar, 15000
Jaya nagar, 35000
Sri Balaji Emerald  Bellandur  Bengaluru  Karnataka  India, 30000
Kumara Park East  Bengaluru  Karnataka  India, 23000
Koramangala 8th Block  Koramangala  Bengaluru  Karnataka  India, 18000
RR Nagar Arch  Kenchenhalli  Bengaluru  Karnataka  India, 15000
Sector 4 HSR Layout 5th Sector, 40000
Virat Nagar  Bommanahalli  Bengaluru  Karnataka 560068  India, 9900
Basveswar Nagar, 18000
Dwaraka Nagar, 21000
KPC Layout, 16000
Dwaraka Nagar Banashankari, 25000
Kundalahalli Gate, 24000
Shivaji Nagar  Bengaluru  Karnataka  India, 12000
415  16th Cross Rd  Sector 4  HSR Layout  Bengaluru  Karnataka 560102  India Bengaluru, 27000
Nagarabhavi 1st Stage, 14000
Basavanna Nagar, 12000
Pallavaram, 25000
Prakashnagar, 10500
#610 5th cross  Bhuvaneshwari layout    Marathahalli post  Bangalore-560037  610  5th Cross Road  Thubarahalli  Marathahalli  Bengaluru  Karnataka 560037  India Bengaluru, 12500
Kalasipalya, 10000
C.V. Raman Nagar  Kaggadasapura, 43000
Hope Farm  Channasandra Main Road  Maithri Layout  Kadugodi  Bengaluru  Karnataka  India, 15000
Kaveri Nagar  Murugeshpalya, 15000
Kadubeesanahalli  Panathur, 32000
Banashankari Stage II  Bengaluru  Karnataka  India, 30000
HSR layout 5th Sector, 18000
Jnana Jyothi Nagar, 40000
Cleveland Town, 24000
Seetharampalya - Hoodi Road  Seetharampalya  Bengaluru  Karnataka  India, 24000
Vijayanagar Metro Station  Chord Road  Vijaya Nagar  Bengaluru  Karnataka  India, 12000
Munnekollall, 21000
166  2nd Cross Road Bengaluru, 11000
Suddagunte Palya  Bengaluru  Karnataka  India, 12000
White Field, 18000
Murgesh Pallya , 8000
Murugesh Palya, 17500
6th Block Koramangala, 33000
Ejipura , 18000
Kodbisanhalli  Kadubeesanahalli  Bengaluru  Karnataka  India, 30000
Thubarahalli  Munnekollal  Bengaluru  Karnataka  India, 13500
Sector 6  HSR Layout, 12500
30  24th Cross Rd  Parangi Palaya  Sector 2  HSR Layout  Bengaluru  Karnataka 560102  India Bengaluru, 9000
2nd Main Road  Silver Springs Layout  Munnekollal, 20000
Udaya Nagar Bus Stop  Shakti Nagar Road  Dooravani Nagar  Pai Layout  Mahadevapura  Bengaluru  Karnataka  India, 8000
Ags Layout  Banashankari  Bengaluru  Karnataka  India, 12000
4th Phase JP Nagar, 8500
C.V. Raman Nagar, 10000
Koramangala  1st Block Koramangala  Koramangala  Bengaluru  Karnataka, 23000
Koramangala  1st Block, 13000
Challaghatta, 38000
Vidyaranya Nagar, 8000
Sathya Layout, 13000
Kadugod, 23000
Bharati Nagar, 17000
CS-Hoodi  ITPL Main Road  Hoodi  Bengaluru  Karnataka  India, 42000
BM Kaval, 9000
Balaji Layout, 10000
BTM Layout 1  Madiwala, 22000
Jeevanahalli, 15000
Mahalakshmipuram , 15000
Sarvagnanagar, 30000
Prashanth Nagar, 12000
Doddigunta Cox Town, 22000
Kadiranapalya, 14000
JP Nagara 1st Phase, 10500
Gurappana Palya  Bannerghatta Main Road  BTM Layout 1  Bengaluru  Karnataka  India, 10000
Hoodi Railway Station, 18000
Byatarayanapura, 14000
Jeevanhalli, 12000
govt school rd  opp brs global school  Kasavanahalli  Bengaluru  Karnataka 560035  India Bengaluru, 19000
Rajaji Nagar subramanya nagar B.black sbl bank, 13000
Minhaj Nagar, 8000
Meenambakkam, 12000
19th main  2nd cross  behind udupi garden, 8500
768  5th Cross Road  HAL 3rd Stage  Kodihalli, 25000
ITI Layout Sector 7, 13000
3rd Phase  JP Nagar, 21000
Uttarahallli, 15000
Banashankari  Srinagar, 15000
Amarjyoti Layout Domlur, 48000
FOOD CORPORATION OF INDIA STAFF QUARTERS  F C I Main Road  Kadugodi  Bengaluru  Karnataka  India, 20000
6th Phase JP Nagar, 8000
Bhoganhalli  post: Bellandur  Bengaluru  Karnataka  India, 29000
New Gurappana Palya, 12000
Akash Nagar, 17000
Sector 1  HSR Layout, 18000
BTm lyout, 15000
malleshpalya, 23000
Ibblur, 45000
Banashankari Stage I Banashankari, 20000
Koramangala 4 Block, 12500
Eastwood Township  Harlur  Bengaluru  Karnataka  India, 38000
1st Ever Green Road  Udaya Nagar  Mahadevapura  Bengaluru  Karnataka  India, 12000
Battarahalli, 14800
HSR Layout 6th Sector, 29000
Kamala Nagar, 12000
Immadihalli  Whitefield, 8500
Sterling Shalom  Brookefield  EPIP Zone, 26000
Koramangala 4-B Block, 15000
Roopena Agrahar, 10000
Cox Town  Bengaluru  Karnataka  India, 30000
Thavarekere, 16500
Reddypalya  Jyothi Nagar, 13500
Suddugunte Palya, 16000
Jyothi Puram Dooravani Nagar, 32000
Uttarahalli Hobli Stage 2, 10500
Mailasandra, 13000
JP Nagar 9th Phase, 12000
Dodda Nekkundi, 16500
124  4th Main Rd  KEB Colony  New Gurappana Palya  1st Stage  BTM Layout, 16000
Banashankari 3rd stage, 16000
Ayyappa Nagar  Bengaluru  Karnataka  India, 10900
Cambridge Layout, 27000
Kasavanahalli  Bengaluru  Karnataka  India, 34000
Shanthi Nagar, 8500
JCR Layout Panathur, 26000
Doddanekkundi , 18000
Sarjapur Road  Chikkakannalli  Bengaluru  Karnataka  India, 21000
HAL Post, 9000
Arehalli  Bengaluru  Karnataka  India, 13000
Nanja Reddy Colony Jeevan Bima Nagar, 38000
Brindavan Nagar, 12500
Banashankari Stage I  Banashankari  Bengaluru  Karnataka  India, 14000
Byappannahalli extension , 9500
AECS Layout Marathahalli, 20000
Croma Koramangala  Venkappa Garden  Ejipura  Bengaluru  Karnataka  India, 30000
JP Nagar 4th phase, 14500
Pattandur Agrahara, 20500
82  Bayarappa Layout  Suddaguntapalya  C V Raman Nagar  Bengaluru  Karnataka 560093  India Bengaluru, 11000
Doddakanelli, 9500
Shanthi nagar, 12000
B.Narayanapura, 17000
420/4  13th Main Road  5th Phase  J P Nagar Phase 5  JP Nagar  Bengaluru  Karnataka 560078  India Bengaluru, 20000
Abbaiah Reddy Layout  Bengaluru  Karnataka  India, 11000
Benniganahalli, 25000
Binnipete  Bengaluru  Karnataka  India, 15000
Murugeshpalya  Bengaluru  Karnataka  India, 23000
BTM Layout  1st Stage, 24000
Kodichikkanahalli, 25000
Hosahalli  Chord Road  Vijayanagar  Bengaluru  Karnataka  India, 16000
Columbia Asia Hospital Sarjapur Road, 40000
Vidyapeeta Layout, 16500
Ramagondanahalli Bus Stop  Varthur Main Road  Whitefield  Bengaluru  Karnataka  India, 19000
#11  Lavnya apartment  2nd main  2nd Cross nagaraj layout  kaveryappa layout  Kaverappa Layout  Kadubeesanahalli  Bengaluru  Karnataka 560103  India Bengaluru, 20000
Jayanagar  4th T Block East  Bengaluru  Karnataka  India, 45000
Mahaganapathi Nagar, 10500
Mahalakshmipuram, 18000
rajarajeshwarinagar, 15000
NR Colony  Bengaluru  Karnataka  India, 18000
Sadanandanagar Bennigana Halli, 17000
Agram, 18000
Vasanth Nagar , 37000
Varthur  Bengaluru  Karnataka 560087  India, 16000
Amarjyoti Layout, 10000
NS Palya, 11000
Kasavanahalli , 22000
Tata Silk Farm Jayanagar, 38000
HSR Layout 7th Sector, 25000
Hampinagara RPC Layout, 10500
Sector 4 HSR Layout, 22000
Thyagarajanagar, 12000
Old Guddadahalli RR Nagar, 18000
LBS Nagar Kaggadasapura, 22000
JP Nagar 3 phase, 14000
230  Graphite India Main Rd  NCPR Industrial Layout  Seetharampalya  Hoodi  Bengaluru  Karnataka 560048  India Bengaluru, 17000
Veracious Rosedale  Bengaluru  Karnataka  India, 23000
J P Nagar 2nd Phase, 15000
BSK 3rd Stage  Bengaluru  Karnataka  India, 14500
Harlur Main Road  PWD Quarters  Eastwood Township  Harlur  Bengaluru  Karnataka  India, 34000
2nd Cross  Raju Colony  Yemalur  Bellandur  Bengaluru  Karnataka 560037  India Bengaluru, 22000
Dattatreya Nagar Hosakerehalli, 20000
Raja Rajeshwari Nagar  Bengaluru  Karnataka  India, 30000
Kaveri Layout, 30000
Siddapura  Whitefield  Bengaluru  Karnataka 560066  India, 16000
Amblipura  1st Sector, 26000
BTM Layout Stage 2, 15000
Ilyas Nagar Kumaraswamy Layout, 19000
629  Old Post Office Rd  7th Block  Jayanagar  Bengaluru  Karnataka 560070  India Bengaluru, 24000
Narayanapura, 25000
BTM layout, 22000
Kadarenahalli, 10000
Venkatapura New Extn  HSR Layout 5th Sector  Bengaluru  Karnataka 560034  India Bengaluru, 12500
Taramani, 13000
THubarahalli, 26000
Koramangala 4th Block HSR Layout 5th Sector, 24000
HSR Layout  1st Sector, 22000
Langford Town, 32000
BTM Layout  Bengaluru  Karnataka  India, 36000
kodihalli, 18000
Basaveshwar Nagar 3rd Stage, 15000
Virabhadra Nagar, 8500
1st Stage Kumaraswamy Layout, 25000
103  1st Cross Rd  Agara Village  1st Sector  HSR Layout  Bengaluru  Karnataka 560102  India Bengaluru, 11500
Vijay Nagar  Whitefield, 22000
Chocolate Factory Road  Cashier Layout, 13000
Silver Springs Layout Marathahalli, 40000
Kundalahalli Gate  Varthur Road  BEML Layout  Brookefield  Bengaluru  Karnataka  India, 24000
Vignan Nagar  Bengaluru  Karnataka  India, 12500
Jakkasandra  HSR Layout 5th Sector, 13000
Raj Rajeswari Nagar BMTC Bus Depot  Raja Rajeshwari Nagar  Bengaluru  Karnataka  India, 16500
Vijaynagar, 16500
4th Cross  Sathya Sai Layout  Whitefield  Bengaluru  Karnataka  India, 16000
AECS Layout  Bengaluru  Karnataka  India, 21000
Krishnappa Garden Krishnarajapura, 45000
Ramamohanapuram, 12000
HAL III Stage, 15000
1st Block Koramangala  Jakkasandra, 11000
Koramanagala, 24000
BSK II Stage, 12500
Ananda Puram Jeevan Bima Nagar, 24000
Kalasipalya  Bengaluru  Karnataka  India, 11000
Bellandur  Devarabeesana Halli, 25000
Palace Guttahalli  Bengaluru  Karnataka  India, 22000
Doddakennalli, 13500
Channasandra  Srinivaspura, 13000
Victorian Meadows Layout  31  Victorian Meadows Rd  Lakshmi Layout  Gandhi Nagar  Munnekollal  Bengaluru  Karnataka 560037  India Bengaluru, 36000
JeevanBhima Nagar, 30000
LBS Nagar  Kaggadasapura, 12000
Nagavarapalya Kaggadasapura, 22000
West of Chord Road Basaveshwar Nagar, 24000
Kamala Nagar  Bengaluru  Karnataka  India, 10000
Munekolala, 12500
Chakravarthy Layout, 28000
Tilak Nagar Jayanagar, 26500
JP Nagar 4th Phase  Dollar Layout  Phase 4  JP Nagar  Bengaluru  Karnataka  India, 16000
5th Block Jayanagara , 11000
Balagere Varthur, 18500
Jarganahalli, 11500
6-11  3rd C Cross Rd  BTM 2nd Stage  Kuvempu Nagar  Stage 2  BTM 2nd Stage  Bengaluru  Karnataka 560076  India Bengaluru, 20000
Dunnasandra, 13000
Munnekollal , 15000
Teacher&#39;s Colony  HSR Layout  Bengaluru  Karnataka  India, 22000
Chandra Layout  80 Feet Road, 9000
HSR Layout sec7, 17500
SG Palya, 11000
Kodbisanhalli  Bengaluru  Karnataka  India, 30000
Ittamadu Main  Ramanjaneyanagar  Bengaluru  Karnataka  India, 16000
BEML Layout  Basaveshwar Nagar  Bengaluru  Karnataka 560079  India, 12000
L B Shastry Nagar, 10000
Hanumanth Nagar  Near Ramanjaneya Temple, 19500
Junnasandra, 25000
Okalipuram, 8000
Munnireddy Layout  Panathur, 33000
Graphite India Limited  Doddanakundi Industrial Area 2  Phase 1  Doddanekkundi  Bengaluru  Karnataka  India, 21000
kaikondranahalli, 35000
Kadugodi Fly Over  Krishnarajapura  Bengaluru  Karnataka  India, 20000
Ragavendra Layout  Nisarga Layout, 8500
Jaya Nagar T Block, 21000
Marathahalli Village, 16500
Vidyapeeta Layout  Banashankari  Bengaluru  Karnataka  India, 20000
Madivala , 16000
Hoodi  Bengaluru  Karnataka  India, 27000
RR nagar, 15000
Govindarajanaga, 8500
Mallesh Palya  BEML Main Road  C V Raman Nagar  Bengaluru  Karnataka  India, 19000
Gandhipuram  Whitefield, 8000
Munireddy Layout  Mariyappa Layout  Kadubeesanahalli  Panathur, 22000
Kenchanahalli main road  Raja Rajeshwari Nagar, 15000
C V Raman Nagar  Bengaluru  Karnataka  India, 8000
Yamalur, 11500
Srinivapura Post, 8500
Byappanahalli, 8000
Arehalli Chikkalasandra, 19000
Jagadish Nagar  Basaweshwar Nagar  Nelluru Puram  Kaggadasapura  Bengaluru  Karnataka  India, 15000
AGS Layout  Hosakerehalli  Bengaluru  Karnataka  India, 12000
Srinivas Nagar, 10000
Koramangala 4th block, 31000
Hsr Layout, 22000
HAL Road, 18000
Opposit HSR Layout 7th sector  Mangamanapalya main road, 10000
Kodichikknahalli  Bengaluru  Karnataka  India, 12000
Happy Valley Layout Subramanyapura, 8500
Varthur Main Road  Varthur Main Rd  Bengaluru  Karnataka  India, 18000
59  Channakesahava Nagar  HAL 2nd Stage  Doopanahalli  Indiranagar, 32500
mesjestic, 15000
4th Main  Sector 7  HSR Layout  Bengaluru  Karnataka  India, 18500
Vivek nagar, 15000
New Guddadahalli, 8000
J.P. Nagar, 10000
Murgesh Pally, 23000
529 12th main 9th cross bsk 3rd stage, 8500
Hope Farm  Channasandra Main Road  Maithri Layout  Kadugodi , 12000
Tharagupet, 18000
R R Nagar, 15000
shivajinagar, 25000
2nd Block  Kalyan Nagar  Vijaya Nagar  Bengaluru  Karnataka  India, 12500
Halasuru  Bengaluru  Karnataka  India, 20000
GM Palya C V Raman Nagar, 25000
 59/35Banashankari 3rd Stage  Banashankari  Bengaluru  Karnataka  India, 14500
Shiva Nagar, 10000
Hanumanth Nagar, 8500
HILIFE TRIFLORA  Gunjur Village  Bengaluru  Karnataka  India, 16000
Jeevanbheemanagar, 15000
Chandrashekhara Layout, 8000
Mysore Road Satellite Bus Station  Bengaluru  Karnataka  India, 13500
Vakil Garden City, 25000
277  23rd Cross Rd 28th main road  Sector 2  HSR Layout  Bengaluru  Karnataka 560102  India Bengaluru, 32000
Seegehalli Kadugodi, 23000
Gandhi Nagar  Munnekollal, 18000
709  5th Cross Rd  Kempegowda Layout  Banashankari 3rd Stage  Banashankari  Bengaluru  Karnataka 560085  India Bengaluru, 20000
Mathikere, 20000
Telephone Employees Layout, 10000
RR Nagar , 14000
Bommanahalli  Bengaluru  Karnataka  India, 19000
Mariappanapalya, 8000
Laljinagar  Wilson Garden, 18500
104  8th B Main Rd  NGEF Layout  Sadanandanagar  Bennigana Halli  Bengaluru  Karnataka 560038  India Bengaluru, 9000
Rajarajeswarinagar, 12000
5th Phase  J P Nagar Phase 5 , 22000
Nagarbhavi 1st Stage, 13000
1st Stage  BTM Layout 1, 17500
Teachers Colony  HSR Layout 5th Sector  Bengaluru  Karnataka  India, 18000
Kirloskar Colony, 28000
30/1B/6  1st Main Road  Sector 3  HSR Layout  Bengaluru  Karnataka 560008  India Bengaluru, 11000
Whitefield  Vijayanagar, 11000
Maruthi Nagar Attiguppe, 34000
Garudachar Palya  Mahadevapura, 25000
Manjunatha Nagar, 10500
Rajaji nagar, 10500
Someshwara Layout Doddakannelli, 23000
Brigade IRV Centre  Nallurhalli  Whitefield, 24000
Pattabhirama Nagar Jayanagar, 20000
Banashankari 3rd Stage  Banashankari, 11500
Agrahara Dasarahalli  Bengaluru  Karnataka  India, 8000
Kundalahalli  Bengaluru  Karnataka  India, 34500
Mantri Sarovar Apartment Road  Sector 4  HSR Layout  Bengaluru  Karnataka  India, 39000
BEML Layout, 17000
Inner Valley Whitefield, 22000
Ranganathapuram  Medavakkam, 12000
Mangammanapalya  Sector 7  HSR Layout  Bengaluru  Karnataka, 12000
Maruti Nagar, 11500
BSK III Stage, 23000
Hoysala Nagar  Indiranagar, 8000
Arehalli Uttarahalli Hobli, 15000
3rd block jayanagar, 35000
Pulkeshi Nagar Pulikeshi Nagar, 23000
1741  9th Cross Road  JP Nagar  Bengaluru  Karnataka  India, 22000
Gavipuram Extention, 11000
Vijayanagar Education Society Teacher Training College  80 Feet Road  2nd Block  1st Stage  Chandra Layout  Attiguppe  Bengaluru  Karnataka  India, 18000
AECS Layout - C Block, 15000
HSR 7th Sector, 17000
Mahadevapura Post, 21000
2A Cross Road  Rajasree Layout  Gandhi Nagar  Munnekollal, 18500
10  5th A Cross Rd  Lakshmi Layout  Gandhi Nagar  Munnekollal  Bengaluru  Karnataka 560037  India Bengaluru, 17500
Basaveshwara Nagar 3rd stage, 25000
Govindarajanagar, 15000
 Vibhutipura. Tata Sherwood Road.Bengaluru  Karnataka 560037, 43000
Doddanekundi  Bengaluru  Karnataka  India, 11000
Silver Springs Layout  Munnekollal, 25000
Govindaraja Nagar, 22000
Dr. Ambedkar Institute Of Technology  2 Stage  Nagarbhavi  Bengaluru  Karnataka  India, 12000
Rajaji Nagar  2nd Stage, 9000
Excel Stone Florence Apartments  Balagere  Bengaluru  Karnataka  India, 18000
Maheswari Nagar  Mahadevapura, 11000
Mother Teresa Road  Neelasandra  Bengaluru  Karnataka  India, 17000
5th Stage  RR Nagar, 16000
Rustam Bagh, 35000
New Tippasandra  Bengaluru  Karnataka  India, 20000
HSR Layout Sector 4, 28000
Kundalahalli Gate  Varthur Road  BEML Layout  Brookefield, 35000
Telecom Layout Padmanabhanagar, 20000
Laggere, 10000
Nagarabhavi 2nd Stage, 12500
J.P.Nagar, 11000
ITPL  ITPB Main Road  Pattandur Agrahara  Kadugodi  Bengaluru  Karnataka  India, 17000
Thammanna & Ashwathamma Nilaya  # 27  24th main F cross  Pipeline Rd  Kurubarahalli  Basaweshwara Nagar  Bengaluru  Karnataka 560086  India Bengaluru, 8000
Stage II Banashankari  Banashankari  Bengaluru  Karnataka  India, 25000
JP Nagar Phase 1, 48000
Maithri Layout Hope Farm Circle  III Main Road  Maithri Layout  Bengaluru  Karnataka  India, 16000
Prestige Ferns Residency  Harlur Main Road  Harlur  Bengaluru  Karnataka  India, 35000
Banshankari 3rd Stage, 16000
Old Madras Road, 19000
Suncity Gloria Apartments  Sarjapur Main Road  Opp. to Decathlon Sports  Carmelaram  Ambedkar Nagar  Chikkabellandur  Carmelaram  Ambedkar Nagar  Chikkabellandur  Bengaluru  Karnataka 560035  India, 26500
Anayappa Garden  HAL 3rd Stage, 8000
RK Mention  Ejipura  Bengaluru  Karnataka  India, 14000
Kamadhenu Nagar  B Narayanapura  Mahadevapura  Bengaluru  Karnataka  India, 10000
Vinayaka Nagar Vimanapura, 30000
Dattatreya Temple Road  Ittamadu  Banashankari 3rd Stage  Hosakerehalli  Bengaluru  Karnataka 560085  India Bengaluru, 12000
Hanumagiri, 12000
Behind Adarsh Palm Retreat Bellandur, 22500
Chamrajpet , 38000
Manjunath Nagar  Rajaji Nagar  Bengaluru  Karnataka  India, 16000
JCR Layout  Panathur, 24000
Seetharampalya , 25000
Shivaji Nagar  Bharati Nagar, 12000
Hanumantapura, 13000
Vishweshwarapura  Bengaluru  Karnataka 560004  India, 20000
Bhuvaneswari Nagar C V Raman Nagar, 26500
S T Bed Layout, 25000
80 Feet Road  80 Feet Rd  Bengaluru  Karnataka  India, 13000
ITI Layout Main  ITI Layout  Sector 7  HSR Layout  Bengaluru  Karnataka  India, 20000
Hoodi Circle  Krishnarajapura  Bengaluru  Karnataka  India, 18000
Sathya Sai Layout, 15000
Kundalahalli  Brookefield  Bengaluru  Karnataka  India, 24000
Whitefield Main Road  Maheswari Nagar  Bengaluru  Karnataka  India, 17000
Eshwara Layout, 15500
Malleshwaram west, 13000
Jayanagar 4th &#39;T&#39; Block, 10500
Malur, 12000
Munekolal, 19000
Kasavanahalli Village, 25500
Ramanjaneyanagar Chikkalasandra, 12500
Ambalipura  Harlur, 32000
2nd Stage  Rajaji Nagar, 21000
Shivananda Nagar, 9000
Ejipura Cyber Cafe  Sri Ram Temple Road  Ashwini Layout  Ejipura  Bengaluru  Karnataka  India, 12000
J P NAGAR, 16000
Rajaji Nagar  2nd Block  Bengaluru  Karnataka  India, 11000
Silver Springs Layout  Bengaluru  Karnataka  India, 20000
Kumaraswamy Layout II Stage  Stage 2  Kumaraswamy Layout  Bengaluru  Karnataka  India, 18000
Kamaraj Road  FM Cariappa Colony  Bengaluru  Karnataka  India, 39000
Anepalya  Neelasandra, 11000
AK Colony Adugodi, 23000
8th B Cross  Venkatapura  Koramangala 1st Block  Bengaluru- 560034., 10500
721  Patteghar Palya Main Rd  Govindaraja Nagar Ward  Sampige Layout  Vijaya Nagar  Bengaluru  Karnataka 560079  India Bengaluru, 8500
Devarabisanahalli  Bellandur  Bengaluru  Karnataka 560103  India, 40000
New Thippsandra, 16000
Kodihalli  HAL 3rd Stage, 30000
Adyar, 22500
carmelaram, 13000
Green Glen Layout HSR Layout, 35000
Anglo Indian Quaters  Yellagondanpalya  Victoria Layout  Bengaluru  Karnataka  India, 20000
Sector 1  HSR Layout  Bengaluru  Karnataka  India, 29500
Banashankarii, 9500
JP nagar 2nd phase, 15500
Ambalipura Residency Road  PWD Quarters  Bengaluru  Karnataka  India, 29000
Jayanagar  2nd Block  Bengaluru  Karnataka  India, 33000
konena Agrahara, 20000
Ambedkar Nagar  Whitefield, 15000
Vignan Nagar  Doddanekundi  Doddanekkundi  Bengaluru  Karnataka  India, 15000
Basavanagudi  Thyagaraja Nagar  Bengaluru  Karnataka  India, 22000
7th Block Jayanagar, 27000
Thigalarapalya, 12000
uUlsoor  Bengaluru  Karnataka  India, 15000
RR Naga, 17000
Vyalikaval, 12500
13th Cross  Manjunatha Layout  Munnekollal  Bengaluru  Karnataka 560037  India Bengaluru, 10500
HSR Layout , 40000
JP Nagar  Phase 3, 12500
Garebhavipalya, 10000
Gandhipuram, 13000
Ramesh Nagar Vibhutipura, 20000
BDA Layout HSR Layout, 30000
Boganahalli, 37000
Madambakkam, 10500
Gavipura, 10000
Seetarampalya  equal distance from Hoodi, 17000
Giri Nagar  II Phase  Banashankari  Bengaluru  Karnataka 560085  India, 21000
Billekahalli, 12000
Uttarahalli Hobli , 16000
Banashankar, 28000
Rainbow Residency  SGR Dental College Road  Kasavanahalli Village  Marathahalli  Bengaluru  Karnataka  India, 11500
JP Nagar  Sarakki Gate  1st Phase, 10000
Gangondanahalli, 11000
GKW Layouthttps://d3snwcirvb4r88.cloudfront.net/static/img/postYourProperty/icon/property.png, 16500
Garudachar Palya, 14000
Binny Mills Employees Colony JP Nagar, 39000
MARATHALLI  MUNEKOLALA, 30000
Madhura Nagar  Bengaluru  Karnataka  India, 10000
Nagarbhavi Circle  Outer Ring Road  Jyothi Nagar  Banashankari Stage I  Attiguppe  Bengaluru  Karnataka  India, 11000
ITPL Residential Flats, 32000
Basaweshwar nagar, 10000
Nagarbhavi circle  Nayanda Halli, 8500
DODDANAKUNDI, 35000
HSR Layout Sector 7, 11500
L B Sastry Nagar Lake  Bengaluru  Karnataka, 18000
BTM Layout  Stage 2, 15000
Banashankari 3rd Stage  No 32 Dsouza nagar behind pesit, 10000
FCI Layout  Deepanjali Nagar  Bengaluru  Karnataka  India, 11000
SAP Labs India Pvt. Ltd.  KIADB Export Promotion Industrial Area  Whitefield  Bengaluru  Karnataka  India, 23000
Basaweshwara Nagar , 15000
296  10th Main  Manjunath Nagar  3rd Stage  Basaveshwar Nagar  Bengaluru  Karnataka  India, 10000
JP Nagar 6 Phase, 8500
Dodda Banaswadi, 15000
Harlur Main Road, 20000
Jayanagar  7th Block, 25000
2 Stage  Nagarbhavi, 24000
Hoodi Railway Station  1  Sadaramangala Road  Kodigehalli  Krishnarajapura  Bengaluru  Karnataka 560036  India, 12000
Whitefield  Nallurhalli  Bengaluru  Karnataka  India, 23000
Domlur Layout, 15000
179  2nd Stage  Ashraya Layout  Garudachar Palya  Mahadevapura  Bengaluru  Karnataka 560048  India Bengaluru, 13500
Mangammanpalya, 12900
Hoodi Circle  Hudi  Hoodi  Bengaluru  Karnataka, 24000
A Narayanapura  Mahadevapura, 15000
KR Garden  Murgesh Pallya  Bengaluru  Karnataka  India, 30000
Murugeshapalya, 25000
Jagadish Nagar New Tippasandra, 20000
Maruthi Mandira  17th Cross Road  Vijaya Nagar, 18000
Junnasandra  Bengaluru  Karnataka  India, 50000
Uttarahalli Bus Stand  Subramanyapura Main Rd  Friends Colony  Uttarahalli Hobli  Bengaluru  Karnataka 560061  India, 25000
GM Palya  C V Raman Nagar  Bengaluru  Karnataka  India, 18000
Bismillahnagar, 9000
Konena Agrahar, 15500
New Baiyappanahalli, 22000
Kanakapura, 15000
ISRO Colony Kodihalli, 38000
Outer Ring Road  Mahadevapura  Bengaluru  Karnataka  India, 25000
Pallikaranai, 30000
Pattanagere, 16400
KHB Colony  Bengaluru  Karnataka  India, 13500
Chikkalasandra  Bengaluru  Karnataka  India, 12000
koramangala, 38000
Ulsoor , 25000
Balagere , 10000
Kaveri Nagar, 12000
4th phase  J P Nagar, 15000
5th Main  Teacher&#39;s Colony  Jakkasandra  Sector 6  HSR Layout  Bengaluru  Karnataka  India, 25000
JP Nagar Phase 5, 21200
Domlur I Stage, 18000
Rajarajeshwari nagar, 18000
Jayamahal  Bengaluru  Karnataka  India, 32000
BTM Layout BTM 2nd Stage, 20000
Vijay nagar, 25000
Kundalahalli  Whitefield, 22000
Hoodi Circle, 11500
Malleshpalya  Kaggadasapura, 16000
Jayanagar 9 block, 25000
Chikkadugodi, 15000
Malleshpalya C V Raman Nagar, 23000
33  Hosur Road  Nanjappa Layout  Adugodi  Bengaluru  Karnataka  India, 21500
JP Nagar 1st Phase  JP Nagar  Bengaluru  Karnataka  India, 13000
Prakash Nagar  Rajaji Nagar  Bengaluru  Karnataka  India, 15000
white midas apartment  ECC road. Pattandur Agrahara Whitefield, 30000
Prakruthi Charitable Trust  Panathur Railway Station Road  Munnireddy Layout  Panathur  Bengaluru  Karnataka  India, 12000
5th Block  Rajaji Nagar, 10000
RR Nagar ``, 10500
Byagadadenahalli Bus Stop  Chandapura-Anekal Road  Karnataka 562106  India, 18000
Ahad Euphoria, 23320
Srirampura Metro Station  Mahakavi Kuvempu Road  Ramamohanapuram  Bengaluru  Karnataka  India, 40000
Prashant Nagar  Vijaya Nagar  Bengaluru  Karnataka  India, 15000
Kalena Agrahara, 20000
Shanthinagar, 18000
Harlur , 14000
Kempegowda Layout, 13500
Mahadevapura  Pai Layout, 25000
Basava Nagar Main Road  Rasanna Colony  Bengaluru  Karnataka  India, 11500
BTM 2nd Stage  Stage 2, 16000
GNS Residency  Bhagat Singh Main Road  Bommanahalli  Bengaluru  Karnataka  India, 18000
Lalbagh West Gate  Rashtriya Vidyalaya Rd  Vishweshwarapura  Shankarapura  Bengaluru  Karnataka 560004  India, 16000
Srirampura  Bengaluru  Karnataka  India, 20000
JP Nagar  1st Phase, 20000
kasavanahalli, 20000
Indira Nagar 1st Stage, 22000
Kengeri, 17500
J P Nagar 1st Phase, 19000
Kodihalli  Be, 40000
R.K.Layout, 10000
Ayyappa Nagar, 14000
Koramangala 2nd Block, 15000
Jayanagar 4 Block  Jayanagar, 14000
Jaya Nagar 9th Block  25th Main Road  Jayanagara 9th Block  Bengaluru  Karnataka  India, 19000
KEB Rd  Chikka Madivala  1st Stage  BTM Layout 1  Bengaluru  Karnataka 560068  India Bengaluru, 13000
Nayandanahalli, 17500
near by hosahalli metro station, 8500
Byraveshwara Nagar, 15000
Naidu Layout, 13000
NGEF Layout, 23000
Manjunatha Lay Out Murgesh Pallya, 40000
Jayanagar East, 20000
Sri Krishna Garden Layout RR Nagar, 12500
Padmanabhanaga, 25000
Sheshadripuram  Bengaluru  Karnataka  India, 15000
HSR 7th Sector  Sector 7, 11000
Chinnapanahalli Main Rd  Aswath Nagar  Chinnapanna Halli  Bengaluru  Karnataka 560037  India Bengaluru, 11000
Kaveri Nagar Murgesh Pallya, 15000
Cubbonpete  Nagarathpete  Bengaluru  Karnataka  India, 14000
Ambedkar Nagar, 20000
KR Road  KR Rd  Basavanagudi  Bengaluru  Karnataka  India, 30000
85  3rd Main Rd  1st Phase  Manjunath Nagar  Basaveshwar Nagar  Bengaluru  Karnataka 560079  India Bengaluru, 8000
G.K.W. Layout Bus Stand  GKW Main Road  Govindaraja Nagar Ward  Bengaluru  Karnataka  India, 13000
AECS Layout  Sri Nivasa Reddy Layout  AECS Layout  Brookefield  Bengaluru  Karnataka, 20000
H Colony Indiranagar, 35000
HAL 2nd Stage  Bengaluru  Karnataka  India, 12000
MYSORE ROAD, 14000
Chinnapanna Halli  Bengaluru  Karnataka  India, 20000
300  10th Cross Road  Bellandur, 14000
Reliance Fresh  Whitefield Main Road  Industrial Area  Whitefield, 15000
Hemanth Nagar, 24000
2nd Cross  1st Main  Kenchena Halli Rd  Durga Parameshwari Layout  Kenchenhalli  RR Nagar  Bengaluru  Karnataka 560098  India Bengaluru, 23000
Brindavan Layout, 24000
Tavarekere  Bengaluru  Karnataka  India, 21000
Kuvempu Nagar  BTM 2nd Stage, 28000
Malleshpalya New Bus Station  Malleshpalya  Kaggadasapura  Bengaluru  Karnataka, 9500
Sindhi Colony Pulikeshi Nagar, 15000
HImagiri Enclave II  Abbaiah Reddy Layout  Vignan Nagar  Bengaluru  Karnataka  India, 17000
Varthur Kodi, 22000
Channasandra  RR Nagar, 15000
BSK 3rd Stage  Banashankari  Bengaluru  Karnataka  India, 15000
Kaikondrahalli  Bengaluru , 18000
Padmanbhanagar, 11000
AECS Layout  Marathahalli  Bengaluru  Karnataka  India, 42000
Ideal Homes Township RR Nagar, 13500
Banashankari Stage, 12000
VijayaSri Elixir  Bengaluru  Karnataka  India, 21000
Giri Nagar  Banashankari  Bengaluru  Karnataka  India, 15000
Doddanekundi  Bengaluru  Karnataka 560037  India, 25000
Iblur Village, 27500
208  1st C Main Road  Agara Village  1st Sector  HSR Layout  Bengaluru  Karnataka 560102  India Bengaluru, 12500
Nagarabhavi 2nd stage, 12500
Indira Nagar II Stage  Hoysala Nagar  Indiranagar  Bengaluru  Karnataka  India, 31000
Govindaraja Nagar Ward  Govindarajanagar  Vijaya Nagar  Bengaluru  Karnataka  India, 9000
agara village, 12000
JP Nagara 1st Phase  Anjaneya Temple Road  SBI Colony  1st Phase  JP Nagar  Bengaluru  Karnataka  India, 12000
Vijaya Nagar II Stage, 15000
11  C Cross Road  Maruthi HBCS Layout  1st Stage  BTM Layout  Bengaluru  Karnataka 560029  India Bengaluru, 12000
AECS Layout - A Block, 21000
84/A  Janapriya Abodes  Kenchenhalli  RR Nagar  Bengaluru  Karnataka 560098  India Bengaluru, 10000
3rdmain 5th cross link road kempegowdalayoutBanashankari  Bengaluru  Karnataka  India, 18000
Btm Layout 2nd Stage, 23000
Laljinagar, 8000
ITI Layout  Sector 7, 12000
HAL  Air View Colony, 16000
AGS Layout  Banashankari, 12500
Sarjapur Road  Kaikondrahalli, 22000
Jayanagar  4th T Block, 11000
kundanahalli, 22000
Subramanyanagar 2 State, 16000
Vignan Nagar Main road   Basavanagara, 20000
Pattandur Agrahara  Whitefield, 25000
5  Kuvempu Rd  A Narayanapura  Udaya Nagar  Mahadevapura, 10000
udaya nagar, 12000
Veerabhadra nagar, 11000
Vasantha Nagara, 20000
Brindavan Nagar Suddagunte Palya, 16000
Thoraipakkam, 20000
Sobha Classic  Harlur Main Road  Eastwood Township  Harlur  Bengaluru  Karnataka  India, 32000
Old Baiyyappanahalli, 8000
Uber Verdant  Sy.No. 25/4  24/2 , 30000
Kadirenahalli, 11500
C V Raman, 17500
Upscale Golden Lotus  State Highway 35  Devasthanagalu  Gunjur Village  Bengaluru  Karnataka  India, 21000
Skylark Esta  Seetharampalya  Bengaluru  Karnataka  India, 32000
Gattigere  RR Nagar  Bengaluru  Karnataka  India, 14000
Banashankari Stage I  Banashankari, 16000
H A L 2nd Stage, 28000
RPC Layout  Vijaya Nagar, 15000
21st Ave  Junnasandra  Rainbow Residency  Halanayakanahalli  Bengaluru  Karnataka 560035  India Bengaluru, 19500
HSR, 21000
Yamalur HAL, 8500
Uttarahalli Road, 9000
Kumara Park East, 20000
Koramangala 1st Block  HSR Layout 5th Sector, 22000
Sampangiram Nagar, 18000
Basava Nagar Bus Stand  Namjoshi Road  Basavanagara  Bengaluru  Karnataka  India, 17000
Byrasandra  Jaya Nagar 1st Block East, 10500
Majestic, 19500
Kikondarahalli, 21000
Tata Silk Farm  KR Road  Tata Silk Farm  Basavanagudi  Bengaluru  Karnataka  India, 10000
1st Sector  HSR Layout  Bengaluru  Karnataka  India, 13000
1st Phase  JP Nagar , 30000
Balagere Road  Lords Steps layout  Balagere, 17500
Nagarbhavi 1st Stage  Stage 2  Chandra Layout  Bengaluru  Karnataka  India, 8000
10/11th Cross Road  Varsova Layout  Kaggadasapura, 13000
23d  2nd A Cross Rd  Srinivasnagar  Banashankari  Bengaluru  Karnataka 560050  India Bengaluru, 8500
Jeevan Samskruthi Apartment  Shiridi Sai Temple Rd.  4th A Cross  Shirdi Sai Nagar  Munnekollal  Bengaluru  Karnataka 560037  India Bengaluru, 9000
Vandana Tejyesh Apartment  Panathur Road  Pembrook Layout  Panathur  Bellandur Amanikere  Karnataka  India, 24000
Gayatrinagar, 9000
Banagirinagar, 25000
Yemalur  Bellandur, 9300
Muneswara Block, 12000
Ashwini Layout  Ejipura, 38000
Siddapura  Whitefield  Bengaluru  Karnataka 560066  India Bengaluru, 8500
Banashankari Stage II  Banashankari, 25000
Ajjagondahalli, 10000
Shivananda Nagar  Jagadish Nagar, 15000
Hosapalya Main Road  Sector 7  Muneshwara Nagar  Bengaluru  Karnataka  India, 9000
Brigade Harmony  250  Whitefield Rd  Prestige Ozone  Whitefield  Bengaluru  Karnataka 560066  India, 29000
BTM Layout Stage 1, 22000
Doddanekundi , 17500
K G Nagar Main Road  Kempegowda Nagar  Bengaluru  Karnataka  India, 20000
Hosapalaya  Bengaluru  Karnataka  India, 8000
Near Gopalan Arcade Mall  Behind Jain College IRR Nagar , 13000
ITPL Gate 3  Whitefield  Bengaluru  Karnataka  India, 22000
Vinayak Residency  1st Main Rd  Govindaraja Nagar Ward  Madava Upanagara  Vijaya Nagar  Bengaluru  Karnataka 560040  India Bengaluru, 15500
Tavarekere BTM Layout, 11000
Byrasandra C V Raman Nagar, 25000
Srinivasa Nagar, 17000
431D  2nd A Cross Road  Jawaregowda Nagar  Ideal Homes Twp  RR Nagar  Bengaluru  Karnataka 560098  India Bengaluru, 18000
Mahadevapura  B Narayanapura  Bengaluru  Karnataka  India, 35000
kormangala, 35000
718  11th Cross Rd  EWS Colony  Stage 2  BTM Layout  Bengaluru  Karnataka 560076  India Bengaluru, 10000
Nagarabhavi Circle, 11000
1st Main Road  ITI Layout  Sector 7  Muneshwara Nagar, 11500
5th Phase JP Nagar, 18000
Tilak Nagar  Jayanagar, 20000
J P Nagar Phase 5  5th Phase, 11000
J P Nagar 5 Phase  JP Nagar, 25000
Varthur Lake  Varthur  Bengaluru  Karnataka  India, 22000
1st phase Girinagar  Banashankari, 10000
33  Siddapura Rd  Phase 1  Whitefield  Bengaluru  Karnataka 560066  India Bengaluru, 25000
Aaspire Heights  SGR Dental College Road  Kasavanahalli Village  Marathahalli  Bengaluru  Karnataka  India, 24000
Krishnappa Layout  Durga Parameshwari Nagar  Bangarappanagar  RR Nagar  Bengaluru  Karnataka 560085  India Bengaluru, 10500
Vivek Nagar  Ejipura, 15000
Harlur Main Road  PWD Quarters  1st Sector  Harlur  Bengaluru  Karnataka  India, 16000
Rajashree Layout  Gandhi Nagar, 13000
Chinnappana Halli, 12000
Euphoria Corporate Leisure Apartments  Iblur Village  Bellandur  Iblur Village  Bellandur  Bengaluru  Karnataka 560103  India Bengaluru, 22000
HSR Layout  Sector 6, 23000
Balaji Layout  Kaggadasapura  Bengaluru  Karnataka  India, 13000
Seetharampalya  hoodi, 36500
JP Nagar  5th Phase  J P Nagar Phase 5  Bengaluru  Karnataka  India, 25000
Viswa Vihar C V Raman Nagar, 41000
Mottappanapalaya 3rd Cross, 15500
Sri Sai Baba Ashram  Kadugodi white field, 24000
Tavarekere Main Road, 11000
Gattigere  RR Nagar, 13000
JP Nagar  6th phase, 14000
EPIP Zone Whitefield Road  Near ITPB. Bengaluru  Karnataka  India, 45000
Tin Factory, 43000
Tigalarpalya, 20000
Usha Kiran Apartments  Haudin Road  Hermit Colony  Bengaluru  Karnataka  India, 38000
Indira Nagar II Stage  Hoysala Nagar  Indiranagar  Bengaluru  Karnataka 560038  India, 23000
kasturi Nagar, 30000
Shubh Enclave  Harlur  Bengaluru  Karnataka  India, 30000
Salarpuria Sanctity  Sarjapur Road  Halanayakanahalli  Bengaluru  Karnataka  India, 36000
Doopanahalli, 25000
Kamakshi Palya, 10500
Kormangala 2nd block, 42000
Sripuram  Kumara Park West  Malleshwaram  Bengaluru  Karnataka  India, 13500
Pristine Park  HAL 3rd Stage  Bhoomi Reddy Colony  New Tippasandra  Bengaluru  Karnataka 560075  India, 25000
Ambalipura  Harlur  Bengaluru  Karnataka  India, 23000
Malleswaram West, 16000
GUNDTHOP, 13000
kaikondrahalli, 23000
Guddadahalli, 8000
Byadarahalli, 15000
Jnana Ganga Nagar, 13000
Chandana  Kadubeesanahalli  Bengaluru  Karnataka  India, 35000
Panchasheel Nagar, 8000
chennasandra, 19000
Banashankari 5th Stage, 12000
Hoodi Railway Station  Sadaramangala Road  Kodigehalli  Krishnarajapura  Bengaluru  Karnataka  India, 18000
587  3rd Main Rd  2nd Phase  Hosakerehalli Layout  Banashankari Stage I  Banashankari  Bengaluru  Karnataka 560085  India Bengaluru, 45000
3  Kathriguppa Main Rd  ITI Layout  Banashankari 3rd Stage  Banashankari, 12500
Gavipuram Extension, 10000
Sevanagar, 12500
Chowdeshwari Layout  Marathahalli, 13000
Vannarpet  Bengaluru  Karnataka  India, 8000
Whitefield Main Road  Maithri Layout  Kadugodi  Bengaluru  Karnataka  India, 30000
Nagarbhavi  Bengaluru  Karnataka  India, 14000
Central Silk Board  National Highway 44  HSR Layout  Bengaluru  Karnataka  India, 20000
Venkappa Garden Koramangala, 35000
West Avenue Road  Doddanekundi  Bengaluru  Karnataka  India, 15000
Gori Palya, 12000
Giri Nagar  Muneshwara Block, 12000
Vasanth nagar, 32000
Ayodya Nagar, 8500
Manjunath Nagar  Basaveshwar Nagar, 9000
Adarsha Nagar, 10000
Magadi Road Metro Station Building  2nd Cross Rd  Keshava Nagar  Binnipete  Bengaluru  Karnataka  India, 10000
Chandana layout, 17000
#76 Siva niwas  Vibgyor High School Rd  Silver Springs Layout  Munnekollal  Bengaluru  Karnataka 560066  India Bengaluru, 14000
Graphite India Main Road  Graphite India Main Rd  Hoodi  Bengaluru  Karnataka 560048  India, 28000
No: 70/A  Sapthagiri Nivas  2nd Main 4th Cross Brindavan Nagar  Bangalore-29, 17000
Kasavanahalli Village  Marathahalli, 36000
Halasuru Police Station  Cambridge Layout  Ulsoor  Bengaluru  Karnataka  India, 42000
Someshwara Nagar  Bengaluru  Karnataka  India, 12000
Varsova Layout, 18000
Tata Silk Farm, 12000
Marathahalli  AECS Layout, 18000
Koramangala  6th Block, 10500
Hampi Bus Stand  Hampi Nagar  RPC Layout  Vijaya Nagar  Bengaluru  Karnataka  India, 16000
Vijaya Nagar  Marenahalli  Bengaluru  Karnataka  India, 20000
Basavanna Nagar  Whitefield  Bengaluru  Karnataka 560048  India, 9000
Malleshpalya  Maruthi Nagar, 10000
Btm 2nd Stage, 13000
Krishnapura, 20000
jeevan Bima Nagar, 25000
Shivananda Nagar  Jagadish Nagar  New Tippasandra  Bengaluru  Karnataka  India, 14500
Banashankari 1st  Stage  , 15000
Vijayanagar  Bengaluru  Karnataka  India, 27000
Kaikondrahalli , 19000
Hoysala Nagar, 11000
Kaikondanarhalli, 23000
23 jp niwas  1st Main Road  4th A Main Rd  Thayappa Garden  Ranka Colony  Bilekahalli  Bengaluru  Karnataka 560076  India Bengaluru, 9000
Perungalathur, 11000
KR Market, 8000
Kaikondrahalli  Bengaluru  Karnataka  India, 27000
shanti nagar, 11000
RR Nagar  BEML Layout  Bengaluru  Karnataka  India, 13000
Maruti Nagar  1st Stage  BTM Layout  Bengaluru  Karnataka  India, 14000
Seetharampalya  Hoodi  Bengaluru  Karnataka 560048  India, 21000
Sadanandanagar  Bennigana Halli  Bengaluru  Karnataka  India, 15000
Gandhi Bazaar, 9000
Sri Jayalakshmi  Kundalahalli Colony  Brookefield  Bengaluru  Karnataka 560037  India Bengaluru, 11000
Indiranagar , 20000
NGEF Layout Nagarabhavi  NGEF Layout  Stage 2 , 14000
KR Garden  Murgesh Pallya, 14000
Banashankri, 20000
Agrahara Dasarahalli, 12000
BTM Layout 2nd stage, 21000
6  6th Main Rd  Dodda Nekkundi Extension  Doddanekkundi  Bengaluru  Karnataka 560037  India Bengaluru, 11000
Pulikeshi Nagar  Bengaluru  Karnataka  India, 36000
Michael Palaya, 12000
Jayanagara Jaya Nagar, 20000
Kathriguppe  Banashankari 3rd Stage  Banashankari  Bengaluru  Karnataka  India, 9200
Nallurahalli Road  Nallurhalli  Whitefield  Bengaluru  Karnataka  India, 21000
7th Block  Jayanagar, 9000
Marathahalli , 28000
Sai Sun Shine Nagamani Constructions  Manjunatha Layout  Thubarahalli  Munnekollal  Bengaluru  Karnataka 560037  India, 24000
Shakthi Ganapathi Nagar, 11000
Hombegowda, 13000
Tin factory  Krishna Raja Puram Hanging Bridge  Bangalore Corporation Industrial Estate  Bengaluru  Karnataka  India, 25000
Bellandur Gate  Bellandur, 12000
Chinnapanna Halli  Bengaluru  Karnataka 560037  India, 22000
Mahadevapura bus stop  Mahadevapura  Bengaluru  Karnataka  India, 30000
wilson garden, 9000
shanthi nagar, 16000
Jaraganahalli  Naidu Layout  Bengaluru  Karnataka  India, 9000
JP Nagar 5th Phase  Bengaluru  Karnataka  India, 18500
Talacauvery Layout, 16000
Whitefield  ECC Road  Pattandur Agrahar, 25000
New Thippasandra Main Road  HAL 3rd Stage  Bhoomi Reddy Colony  New Tippasandra  Bengaluru  Karnataka  India, 21000
Basaveshwara Nagar Circle  West Of Chord Road  3rd Stage  Basaveshwar Nagar  Bengaluru  Karnataka 560079  India, 9500
JP Nagar 6th Phase  15th Cross Road  JP Nagar  Bengaluru  Karnataka  India, 11000
Jayanagara 9th Block  Jayanagar  Bengaluru  Karnataka  India, 14500
VijayaSri Elixir  Palm Meadows  Whitefield  Bengaluru  Karnataka  India, 19500
Koramangala  Venkatapura, 10000
3651  13th F Main Road  Doopanahalli  Bengaluru  Karnataka  India, 22000
Nayandahallii, 12000
Ferns City, 18000
AECS Layout  Kundalahalli  Brookefield  Bengaluru  Karnataka  India, 18500
Ranganathan Colony, 12000
Adarsh Palm Retreat  Bellandur, 19500
3rd Sector  HSR Layout, 11000
HSR Layout  Sector 4, 10000
Austin Town  Neelasandra, 9500
Yemalur  Bellandur  Bengaluru  Karnataka  India, 14000
Avalahalli, 8000
Basavana nagar  hoodi, 18000
339  Nagavarapalya Main Rd  Rajana Colony  C V Raman Nagar  Bengaluru  Karnataka 560093  India Bengaluru, 31000
Anjaneya Nagar  Ittamadu  Banashankari 3rd Stage  Banashankari  Bengaluru  Karnataka  India, 9000
Srinagar  Pipeline Road, 9500
Balaji Layout C V Raman Nagar, 20000
Whitefield  Dodsworth Layout  Bengaluru  Karnataka  India, 23000
Heggondahalli  Gunjur Post, 16000
Jeevan Bhimanagar, 15000
Javarandoddi RR Nagar, 15000
Banashankari , 16000
Jaya Nagar 1st Block East, 25000
234  3rd Main Rd  Om Shakti Layout  2nd Block  Ayyappa Nagar  Krishnarajapura  Bengaluru  Karnataka 560036  India Bengaluru, 11000
Basaveswarnagar, 20000
4th Cross Rd  A Narayanapura Extension  Mahadevapura  Bengaluru  Karnataka 560016  India Bengaluru, 10000
Naganathapura  Rayasandra  Bengaluru  Karnataka  India, 10000
jagadish nagar   Kaggadasapura, 9000
Rajarajeswari Nagar, 15000
Udayanagar Extension, 9000
Doddanekundi  Doddanekkundi, 13000
Wilson Garden , 25000
397  4rth Main Rd  Dollars Colony  Phase 4  JP Nagar  Bengaluru  Karnataka 560076  India Bengaluru, 8750
Dasarahalli, 10000
Kundanahalli Gate, 50000
Reliance Digital  BTM 2nd Stage  Kuvempu Nagar  Stage 2  BTM 2nd Stage, 18500
Chandra Hill View Apartments  Ittamadu  Banashankari 3rd Stage  Banashankari  Bengaluru  Karnataka  India, 16000
Koramangala  1st Block Koramangala, 25000
37  10th Cross Rd  Dodda Nekkundi Extension  Doddanekkundi  Bengaluru  Karnataka 560037  India Bengaluru, 25000
Vignan Nagar , 20000
Sri Lorven Homes  Kondappa Layout  Vignan Nagar  Viswajeeth Layout  Doddanekkundi  Bengaluru  Karnataka 560075, 17000
Phase 5  JP Nagar, 18000
Mariyappanapalya, 16500
Adambakkam, 14000
Gavipuram, 8000
Nagarbhavi Bda Complex  Nagarabhavi  Bengaluru  Karnataka  India, 25000
Brigade Harmony  Whitefield  State Highway 35  Prestige Ozone  Bengaluru  Karnataka  India, 25000
KHB Colony, 10000
Chikkasubbana Road  Immadihalli  Whitefield, 10000
Samethana Lakefront Apartments  Samethanahalli  Karnataka  India, 18000
Malleshwaram  Bengaluru  Karnataka 560003  India, 23000
Basaveshwar nagar, 18500
Brookfield, 32000
Raneem Nilayam  5th B Cross Rd  HAL 2nd Stage  Kodihalli  Bengaluru  Karnataka 560008  India Bengaluru, 15500
HSR Layout  Rajiv Gandhi Nagar  Sector 7  Bengaluru  Karnataka  India, 41000
CHANDRA LAYOUT, 11000
Adithya Elan  New Temple Road  Nallurhalli  Whitefield  Bengaluru  Karnataka  India, 22000
Bannerghatta Road, 12000
Bangalore Corporation Industrial Estate Mahadevapura, 27000
Uday Nagar  Bengaluru  Karnataka  India, 8500
Valepura, 10500
Kumaraswamy Layout , 12000
Palace Guttahalli, 10000
Ramamurthy Nagar, 14000
Venkateshwara Layout, 10500
HSR Layout  22nd Main Road  Sector 1  Bengaluru  Karnataka  India, 12000
RNS Institute of Technology  Dr. Vishnuvardhana Road R R Nagar Post  Channasandra  Bengaluru  Karnataka  India, 13000
SLS Splendor  Bellandur  Bengaluru  Karnataka  India, 25000
Brookefield  Kundalahalli  Bengaluru  Karnataka  India, 28000
Ulsoor  Bengaluru  Karnataka  India, 10000
Keelkattalai, 12000
White Orchids VSV Builders  Siddapura Road  Palm Meadows  Whitefield  Bengaluru  Karnataka  India, 15000
Cashier Layout, 16000
Hosur Main  Adugodi  Bengaluru  Karnataka  India, 16500
Gayathry Residency  1st Cross Rd  Munireddy Layout  Padmanabhanagar  Bengaluru  Karnataka 560061  India Bengaluru, 14000
Sector 4  HSR Layout, 18000
JP Nagara 5th Phase, 18000
Bommenahalli, 21000
Nagarbhavi Circle  Nagarabhavi Circle  Jyothi Nagar  Bengaluru  Karnataka  India, 17000
10th B Cross Road Bengaluru, 10000
Whitefield Main Road, 41000
Old Madras Road  C V Raman Nagar  Bengaluru  Karnataka  India, 40000
Canara Bank Colony, 20000
4th Tea Block  Jayanagar, 20000
Injambakkam, 10000
Moodalapalya  Huchappa Layout  Govindaraja Nagar Ward  Mudalapalya  Vijaya Nagar  Bengaluru  Karnataka  India, 10000
Brookefield Mall Bangalore  ITPL Main Road  AECS Layout  Brookefield  Bengaluru  Karnataka  India, 12500
Panathur  Kadubeesanahalli, 23000
Sevashrama, 27000
18  18th Cross Rd  New Extension  Mahadeshwara Nagar  Stage 2  BTM 2nd Stage  Bengaluru  Karnataka 560076  India Bengaluru, 18000
Devarabeesana Halli, 42000
HSR layout 3rd sector, 24000
VV Giri Colony Sheshadripuram, 26000
Lingayana Palya, 12000
Kottivakkam, 33000
Kamanahalli  Bengaluru  Karnataka  India, 16000
AECS Layout - D Block, 26000
Nallurhalli Whitefield  ITPL, 29000
HARLUR, 18000
Tavarekere  Suddagunte Palya  Bengaluru  Karnataka  India, 39000
Stage 1  Vijaya Nagar, 9000
Kariyammana Agrahara, 42000
Residential Locality, 36000
Kaggadasapura , 20000
3rd Block  Koramangala, 40000
Dodsworth Layout  Whitefield, 17750
Somasundara Palya, 21000
Kasthuriba Nagar, 8000
Mahdevpura, 30000
HVR Layout, 17000
Haralur  Harlur Main Road  Lakedew  Bengaluru  Karnataka  India, 27000
JayaNagar  5th Block, 30000
Koramangala  Koramangala 8th Block, 14000
Ganesh Nivas  7th Cross Road  Ramanjaneyanagar  Bengaluru  Karnataka  India, 12200
R K Bakery  SGR Dental College Road  Munnekollal  Bengaluru  Karnataka  India, 12500
Jeevanhalli Cox Town, 32000
Nanjundeswara Layout, 15000
DSR Emerald & DSR Topaz Apartments  7th Main Road Ibbalur  Post  560103   Green Glen Layout  Bellandur  Bengaluru  Karnataka 560103  India Bengaluru, 22500
Citilights Rustique  ECC Road  Whitefield  Bengaluru  Karnataka  India, 38000
Koralur  Karnataka Koralur, 15000
Chandra Layout  Marathahalli, 15500
Purnapragnya LayouT, 13000
Nagondanahalli road, 18000
Banswadi, 13000
Srinivasnagar  Banashankari, 15500
Banashankari 3rd Stage  Hosakerehalli, 30000
C.V Raman Nagar, 15000
112  2nd Cross Rd  Sri Nivasa Reddy Layout  AECS Layout  Marathahalli  Bengaluru  Karnataka 560037  India Bengaluru, 23500
Hanumagiri Nagar, 10500
Hosapalaya HSR Layout, 28500
Koramangala 4th Block Ejipura, 35000
USHAPANDIAN ILLAM  2nd Main Road  Pai Layout  Mahadevapura  Bengaluru  Karnataka  India, 23000
Marthi Nagar, 18000
37  10th Main Road Bengaluru, 17500
Akash Nagar  A Narayanpura, 10000
Shatavartha Enclave, 24500
Edgah Road  Devasthanagalu  Varthur, 16000
Smash it  Sector 7  Bengaluru  Karnataka  India, 12000
Koramangala 8th Block , 26500
Jayanagar  Bengaluru  Karnataka  India, 28000
Kasavana Halli, 15500
Dasarhalli    Banashankari Stage I, 12000
HSR Layout  Sector 7, 12000
Banaswadi, 16000
Maruthi Nagar  Madivala, 11000
4th Block  Jayanagar, 28000
Munnekolal, 13500
parkview, 40000
Sallapuradamma, 25000
Jayanagar  4th T Block East, 14500
Siddapura  Bengaluru  Karnataka  India, 17000
Jayaprakash Nagar Metro Station  Kanakapura Road  Ilyas Nagar  Banashankari Temple Ward  Bengaluru  Karnataka  India, 8000
SRK Garden  Jayanagar, 14500
Bellandur junction  Bellandur Flyover  Adarsh Palm Retreat  Bellandur  Bengaluru  Karnataka 560103  India Bengaluru, 28000
Rajajinagar 6th Block, 9000
Leela Palace Road  HAL 3rd Stage  Kodihalli, 13000
HSR Layout 1st Sector, 50000
Abbaappa Layout  Stage 2  BTM 2nd Stage, 20000
Hoodi Railway Flyover  Thigalarapalya  Krishnarajapura , 16500
Embassy Tech Village  Bengaluru  Karnataka  India, 28000
Chinnapanna Hall, 10000
Global village Tech Park Road  RV Vidyaniketan  Bengaluru  Karnataka  India, 12500
Happy Valley Whitefield, 34000
3th Cross Road concorde garden city Bangalore 560059 , 10000
2nd Phase  J P Nagar, 30000
Purvankara Whitehall  Sarjapur Main Road  Harlur  Bengaluru  Karnataka  India, 46000
77/16  1st Main Rd  RK Layout 2nd Stage  Padmanabhanagar  Bengaluru  Karnataka 560070  India Bengaluru, 14500
Varadharajapuram, 15000
147  Lakeshore Homes Road  Eastwood Twp  Kasavanahalli  Bengaluru  Karnataka 560035  India Bengaluru, 45000
Baiyyappanahalli, 38000
RajaRajeshwari Nagar, 22000
Raja rajeshwari nagar, 19000
37  2nd Cross Road  Gowda Muniswamy Garden  Ejipura, 20000
J.P Nagar 4th Phase, 15000
Koramangala 4th Block  Koramangala  Bengaluru  Karnataka  India, 13000
1850  33rd Cross Road  Banashankari Stage II  Bengaluru  Karnataka  India, 25000
J P Nagar II Phase, 16000
Sector 3, 8500
Bhoganahalli  Bhoganhalli  Bengaluru  Karnataka  India, 29500
HAL 3rd Stage  New Tippasandra  Bengaluru  Karnataka  India, 22000
Lal Bahadur Shastri Nagar, 15000
Sapna Book House  Michael Palaya  Indiranagar  Bengaluru  Karnataka  India, 10000
Suddaguntepalya, 17000
Varthur Lake  Devasthanagalu  Varthur  Bengaluru  Karnataka  India, 16000
Srinivapura, 14000
BTM LAYOUT STAGE 2, 8000
299  17th A Main Rd  Sector 3  HSR Layout  Bengaluru  Karnataka 560102  India Bengaluru, 16500
HSR Layout  Sector 07  Near Madina Masjid, 12000
Kaggadasapura Main Road  Kaggadasapura  Bengaluru  Karnataka  India, 17000
New Timberyard Layout, 10000
BSK 5th Stage, 12000
Udayanagar 2nd stage, 16000
new bayappanahalli, 9000
Srinivaspura  Channasandra, 14000
Channasandra RR Nagar, 16000
Varthur Balagere, 25000
BTM, 13000
Jayanagar  15 Main Road  4T Block  Bengaluru  Karnataka  India, 22000
Mother Mary Grand Feast  Residence Association Road  Gowda Muniswamy Garden  Ejipura, 12000
Kaveri Nagar Krishnarajapura, 30000
Chamarajapete, 14000
Kamadhenu Nagar, 9000
RPC Layout  Hoshalli Extension  Vijaya Nagar  Bengaluru  Karnataka  India, 18000
Thubarahalli., 9000
Umarbagh Layout Banashankari Temple Ward, 20000
White filed, 12000
Rajaji Nagar  2nd Block, 8500
Cottonpete  Bengaluru  Karnataka  India, 17000
R.R Nagar, 13000
Chandra Nagar  Kumaraswamy Layout, 15000
27  2nd A Cross Rd  Ramakrishna Nagar  Yelachenahallli  Kumaraswamy Layout  Bengaluru  Karnataka 560078  India Bengaluru, 12000
Basaveshwar Nagar  BEML Layout, 18000
377  11th Main Rd  Teacher&#39;s Colony  Jakkasandra  Sector 7  HSR Layout  Bengaluru  Karnataka 560034  India Bengaluru, 11000
5th Phase  J P Nagar Phase 5, 17500
Tavarekere  Suddagunte Palya, 10000
Lakshminarayana Pura, 20000
Agara Village, 25000
Chandapura, 15000
90  1st Cross Road  Maruthi Layout  Basavanna Nagar  Mahadevapura  Bengaluru  Karnataka 560048  India Bengaluru, 12000
Husaini Blossoms  2nd Cross Rd  5th Phase  Nagaraja Garden  J P Nagar Phase 5  JP Nagar  Bengaluru  Karnataka 560078  India Bengaluru, 17000
jpnagar 5th phase vinayakanagar, 9000
12th Cross  Kalappa Layout  Rasanna Colony  Vibhutipura  Bengaluru  Karnataka 560037  India Bengaluru, 8000
Hosakerehalli  Bengaluru  Karnataka  India, 11000
474  12th Main Road  J P Nagar Phase 5  JP Nagar  Bengaluru  Karnataka 560078  India Bengaluru, 10500
SJR Eastwood  Eastwood Township  Harlur  Bengaluru  Karnataka  India, 22000
BTM  Stage 1, 11500
BTM Layout  Stage 1, 22000
Hagadur Main Road Bengaluru, 20000
Puspam Niwas  11th Cross Rd  Nelluru Puram  Kaggadasapura  Bengaluru  Karnataka 560075  India Bengaluru, 9500
HSR Layout 2nd secter 31st Main 18th Cross , 26000
45  1st A Main Road Bengaluru, 24000
Veerabhadra Nagar, 10000
#8 1st  main. 4th cross Bhuvaneshwari nagar. c.v Ramannagar Bangalore 560093. opp konda residency, 11500
SJR Watermark  Watermark Homes By SJR Primecorp  1st Main Road  Harlur  Bengaluru  Karnataka  India, 36000
Hosapalaya, 31000
J P Nagar 5th phase, 20000
8th Block Koramangala, 12000
2nd Block  Banashankari Stage I , 17000
Hope Farm Junction, 25000
2nd Block Rajajinagara, 25000
India Post  HAL 3rd Stage  Bhoomi Reddy Colony  New Tippasandra  Bengaluru  Karnataka  India, 25000
Nagarabhavi 2nd Stage  Bengaluru  Karnataka  India, 8000
LBS Nagar  Vimanapura, 9500
BEML Layout 6th Stage  Brookefield  Bengaluru  Karnataka  India, 22000
2nd Phase JP Nagar, 18000
JP Nagar 4 Phase, 15000
Vinayak Nagar  Vinayaka Nagar  Murgesh Pallya  Bengaluru  Karnataka  India, 26000
165  22nd Main Rd  Lakshmi Layout  MCHS Colony  Stage 2  BTM Layout  Bengaluru  Karnataka 560076  India Bengaluru, 12500
Langford  Town, 20000
Koramangala 8th block, 21000
Basaveshwar Nagar  Bengaluru  Karnataka  India, 13000
Shivajinagar, 30000
basaveshwara Nagar, 12000
16/1  Ramchandra Puram  Kalappa Block  Srirampura  Bengaluru  Karnataka 560021  India Bengaluru, 19000
Arehalli  Kodipur, 15000
Kalappa Layout, 15000
Giridhama Layout, 10000
HAL Old Airport Road, 10500
Kadubeesanahalli Kodbisanhalli, 30000
Poorna Pragna Layout  Banashankari 3rd Stage  Banashankari  Bengaluru  Karnataka  India, 20000
Ramagondanahalli  Whitefield  Bengaluru  Karnataka  India, 20000
Nagappa Block, 17000
Pantharapalya, 8500
Langford Town  Shanti Nagar  Bengaluru, 20000
Thyagaraja Nagar  Basavanagudi  Bengaluru  Karnataka  India, 40000
Srirampura , 10000
Koramangala   1st Main  S.T. Bed  Bangalore  Karnataka 560034  India, 25000
Sector 7  HSR Layout  Bengaluru  Karnataka  India, 17000
# 571  11th &#39;A&#39; cross 31st Main Rd  Sector 1  neyr by C C DAY  1st Sector  HSR Layout  Bengaluru  Karnataka 560102  India Bengaluru, 10000
Doddanekkundi  Ferns City  Doddanekkundi  Bengaluru  Karnataka  India, 21000
AGS  layout next to poornapragna layout, 15000
BTM Dollars Scheme Basavanagara, 25000
29th B Main Road  Sector 2  PWD Quarters  1st Sector  HSR Layout, 22000
Sampangi Rama Nagar , 15000
Jayanagar  2nd Block, 12000
